Number of tricks,Number of players,Flipped over card,The players hand,The player number,What they bid (unrounded),What they bid (rounded)
10,4,FlippedOverCard:  JH,[AC QC TC 9C 8C 6C 4C] [6D 5D] [] [7S],1,0.4313679597747128,0
10,4,FlippedOverCard:  JH,[3C] [KD 7D] [TH 9H 7H 4H 3H] [KS 4S],2,5.72537267136188,6
10,4,FlippedOverCard:  JH,[7C 5C 2C] [AD 8D 2D] [KH 6H] [TS 2S],3,0.5157350671010896,0
10,4,KD,[AC QC 7C] [] [KH 9H 8H 5H] [AS JS 6S],1,1.900104710119746,2
10,4,KD,[5C 4C] [TD 2D] [QH TH 4H] [QS 5S 3S],2,0.7807959716543257,1
10,4,KD,[KC 6C 2C] [AD 5D 3D] [] [TS 8S 7S 4S],3,4.086535304546087,4
10,4,3H,[QC 2C] [JD TD 6D 4D 3D] [AH KH 7H] [],1,3.2516790479036994,3
10,4,3H,[TC 9C 6C 3C] [AD] [6H] [KS 6S 4S 3S],2,1.5567455908404204,2
10,4,3H,[8C 7C] [QD 9D 5D] [9H 4H] [AS TS 2S],3,1.0491587959564266,1
10,4,7S,[] [KD 9D 6D] [AH TH 5H] [AS QS 8S 4S],1,5.842033098765296,6
10,4,7S,[4C 2C] [QD TD 8D] [8H 6H] [KS 9S 2S],2,1.0,1
10,4,7S,[AC KC QC 5C] [3D 2D] [KH 3H 2H] [3S],3,0.17498870450440535,0
10,4,QS,[JC 4C 3C] [KD 8D 6D] [8H 7H 4H] [7S],1,0.05282742963339945,0
10,4,QS,[] [QD 3D 2D] [QH JH 6H 3H] [JS 4S 2S],2,3.746082398444949,4
10,4,QS,[] [TD 7D 5D] [AH TH 5H] [KS TS 8S 6S],3,4.0,4
10,4,KH,[JC] [AD] [JH TH 2H] [TS 8S 6S 4S 2S],1,5.017598032219332,5
10,4,KH,[TC 9C 8C] [KD 9D 6D 3D] [QH 8H 5H] [],2,3.378657032028123,3
10,4,KH,[KC 6C] [8D 2D] [9H 6H 3H] [AS JS 7S],3,2.2837981942792354,3
10,4,5H,[QC 2C] [KD 6D 3D] [8H] [KS TS 6S 5S],1,0.06532659398690782,0
10,4,5H,[KC TC 5C] [AD QD JD 9D 8D] [AH 7H] [],2,3.590726392729857,4
10,4,5H,[8C 6C] [5D 4D] [4H 3H] [AS 9S 7S 3S],3,0.0,0
10,4,AH,[TC 9C 2C] [] [TH 5H 4H 3H 2H] [QS TS],1,4.056445242762405,4
10,4,AH,[AC 3C] [AD 2D] [QH] [AS KS 9S 8S 6S],2,4.258016896165601,4
10,4,AH,[7C 5C] [KD 6D 5D] [9H 7H] [JS 7S 5S],3,0.0,0
10,4,5D,[9C 8C] [6D 2D] [QH 8H 3H] [AS KS QS],1,2.66949080832519,3
10,4,5D,[AC QC 6C 4C 3C] [AD 8D 4D] [4H 2H] [],2,4.516221757219613,5
10,4,5D,[7C 2C] [KD QD JD TD] [JH 7H 5H] [5S],3,2.83990839544585,3
10,4,7C,[KC 6C 5C] [AD JD] [JH 9H] [JS 8S 6S],1,1.4580033290401142,1
10,4,7C,[9C] [KD] [5H 3H] [KS TS 7S 5S 3S 2S],2,1.1024483097038367,1
10,4,7C,[JC 8C] [QD 8D 7D 4D] [AH TH 8H 6H] [],3,3.787234387281725,4
10,4,4H,[AC 9C 8C 7C 3C 2C] [KD] [AH] [JS 8S],1,3.192497436226946,3
10,4,4H,[QC JC] [TD 2D] [KH JH 9H 6H 3H] [2S],2,4.051094957868518,4
10,4,4H,[] [QD JD 5D 4D 3D] [QH 7H] [AS 9S 4S],3,2.70553753383246,3
10,4,7H,[7C 4C 2C] [JD 9D] [QH] [QS TS 7S 4S],1,1.018996148048997,1
10,4,7H,[JC 8C 6C] [AD 7D 2D] [KH 9H 5H] [KS],2,4.321670630474187,4
10,4,7H,[5C 3C] [TD 8D 6D 3D] [AH 8H] [AS 8S],3,1.6864147666289058,1
10,4,3H,[8C] [QD 9D 8D 4D] [5H] [9S 8S 7S 4S],1,0.22105127428437737,0
10,4,3H,[JC] [KD JD 3D] [AH 7H] [TS 6S 5S 3S],2,2.9220433881218857,3
10,4,3H,[QC 9C 3C] [7D 2D] [KH QH TH 8H 2H] [],3,5.0,5
10,4,JH,[JC TC 4C] [5D] [AH 6H] [JS TS 9S 7S],1,2.825621459448587,3
10,4,JH,[AC 7C 3C] [8D 6D] [TH 9H 3H] [AS 5S],2,4.4561973903800185,4
10,4,JH,[5C 2C] [KD JD TD 2D] [QH 7H 2H] [KS],3,3.6383516275565975,4
10,4,AD,[QC TC 2C] [8D 7D 2D] [] [TS 9S 8S 7S],1,2.0795159069290707,2
10,4,AD,[AC 9C 8C] [JD TD] [KH JH 3H] [QS 5S],2,3.818810563869518,4
10,4,AD,[KC JC 6C] [4D] [TH 9H 6H 4H] [KS 3S],3,0.0,0
10,4,AH,[QC TC 5C] [QD 7D] [] [AS 8S 6S 5S 3S],1,0.817941231493246,1
10,4,AH,[6C 4C 2C] [KD JD TD 8D] [] [JS TS 4S],2,0.9099132214184354,1
10,4,AH,[] [AD 9D 4D 3D] [QH JH 7H 5H 2H] [9S],3,7.0,7
10,4,4H,[KC TC 5C 4C] [] [AH 7H 2H] [TS 6S 3S],1,3.5679182242365775,4
10,4,4H,[JC 9C 7C] [AD TD] [QH 3H] [8S 7S 2S],2,1.708076311963948,2
10,4,4H,[8C] [9D 6D 4D 2D] [6H 5H] [KS 5S 4S],3,0.7908272729501222,1
10,4,9C,[AC 3C] [JD 7D 3D] [JH 9H 3H] [AS 7S],1,2.843989213996246,3
10,4,9C,[QC JC 6C 2C] [KD 9D 6D] [KH 4H] [3S],2,4.783687653190634,5
10,4,9C,[KC 8C 7C 5C] [AD TD 4D 2D] [5H] [5S],3,1.9904020129552689,2
10,4,6S,[QC 9C 4C] [AD KD QD 5D 4D] [] [JS 2S],1,2.395961742019959,2
10,4,6S,[AC JC 3C] [TD 9D 8D 6D 3D] [QH 8H] [],2,0.0,0
10,4,6S,[TC] [JD] [KH JH 7H 6H 5H] [KS TS 9S],3,3.8203086184351447,4
10,4,KC,[6C] [KD 5D 3D 2D] [JH TH 7H 3H] [3S],1,0.0,0
10,4,KC,[] [QD TD 9D 8D 7D 6D 4D] [6H 2H] [2S],2,0.0,0
10,4,KC,[AC 3C] [JD] [AH QH 9H] [KS 9S 8S 7S],3,3.8787381171825923,4
10,4,6S,[KC] [AD JD 7D] [AH 6H 4H 3H] [AS TS],1,5.137809026791092,5
10,4,6S,[] [KD QD 5D] [QH 8H 5H] [9S 7S 4S 3S],2,1.6651216470357497,2
10,4,6S,[JC 7C 6C 2C] [TD 9D 4D] [TH] [8S 5S],3,0.0,0
10,4,KD,[AC 6C 5C 3C] [3D 2D] [] [KS QS TS 9S],1,3.021326691824777,3
10,4,KD,[JC] [8D 6D] [KH 8H 4H 3H 2H] [4S 2S],2,0.5866262402640476,1
10,4,KD,[QC TC 8C] [JD TD 7D] [QH TH 7H] [AS],3,4.7586612160109345,5
10,4,AC,[KC 4C] [6D] [KH 9H 3H] [TS 8S 7S 5S],1,2.514498549863303,3
10,4,AC,[TC 8C 5C 2C] [QD 5D] [JH 5H 4H] [4S],2,2.2638804330432576,2
10,4,AC,[9C] [AD 8D 4D 3D] [QH 7H] [AS 9S 3S],3,2.71688783941892,2
10,4,2D,[AC 9C] [7D 6D 4D 3D] [QH 2H] [JS 3S],1,3.119085960204026,3
10,4,2D,[KC QC 6C] [AD JD] [7H] [KS TS 9S 8S],2,2.542239208153326,3
10,4,2D,[2C] [8D] [JH 8H 5H 4H] [AS QS 5S 2S],3,0.057854087085428954,0
10,4,9D,[QC] [AD KD 3D] [KH TH 8H] [TS 9S 6S],1,4.186398853822656,4
10,4,9D,[KC 9C 4C] [JD] [AH QH 5H 3H] [JS 3S],2,2.62935998631103,3
10,4,9D,[] [QD 7D 6D 5D 4D] [7H 6H 4H] [8S 7S],3,2.8409520622494453,3
9,4,QC,[] [KD 8D 7D 6D 4D 2D] [AH QH 3H] [KS],1,2.2455185425759923,2
9,4,QC,[AC 7C 4C 2C] [] [9H 5H] [AS 9S 7S 2S],2,4.830829991869205,5
9,4,QC,[TC 3C] [AD JD TD 3D] [2H] [QS TS 3S],3,1.1847436890538237,2
9,4,4D,[KC 5C 4C] [KD TD 9D 5D] [JH 2H] [],1,4.8221293051391045,5
9,4,4D,[7C 2C] [7D 2D] [TH 6H 4H] [AS 9S],2,0.7456531996646047,1
9,4,4D,[TC 9C 6C] [AD JD 3D] [7H] [QS JS],3,2.6574202616897495,3
9,4,3D,[AC KC 9C] [JD 6D 2D] [QH 2H] [JS],1,3.6006497940792483,4
9,4,3D,[5C] [KD 7D] [KH 8H] [AS TS 3S 2S],2,2.679221991860839,3
9,4,3D,[TC 8C 7C 4C] [QD] [AH 6H 5H] [KS],3,1.1952130366543545,2
9,4,2D,[KC 3C] [JD 5D] [TH 8H] [KS 9S 3S],1,1.6593061537650586,2
9,4,2D,[6C 5C] [8D] [KH QH 5H 3H] [QS 4S],2,0.30874686567787557,0
9,4,2D,[JC 7C 4C] [7D 3D] [AH JH] [8S 6S],3,3.6304199674818363,3
9,4,6S,[9C] [KD TD 9D] [KH JH TH 4H] [3S],1,0.5590250131113358,1
9,4,6S,[AC KC QC] [7D 4D 2D] [] [JS TS 8S],2,4.27012709869081,4
9,4,6S,[8C 6C 5C 4C] [] [9H 5H 3H] [KS 7S],3,1.0,1
9,4,9D,[7C] [KD] [9H 8H 5H 2H] [KS 8S 6S],1,1.1914219022849912,1
9,4,9D,[4C 2C] [JD TD] [4H] [AS JS 4S 3S],2,3.4037432689560845,3
9,4,9D,[JC 6C] [6D 3D] [KH JH 6H] [TS 7S],3,0.7148299306273462,1
9,4,TD,[8C 5C 4C] [9D 6D] [AH TH] [8S 6S],1,1.6890933357191256,2
9,4,TD,[QC TC 2C] [AD] [8H 6H] [KS 4S 2S],2,1.8558277086889388,2
9,4,TD,[KC 9C] [7D 4D 3D] [QH 7H] [JS 9S],3,2.7815858649365577,2
9,4,9H,[AC KC 9C] [8D] [4H] [AS JS TS 7S],1,3.113396654074714,3
9,4,9H,[8C 3C] [JD 6D] [JH 3H] [5S 4S 2S],2,1.4749429463217496,1
9,4,9H,[QC 7C 4C 2C] [AD TD 4D] [6H] [9S],3,3.544933644808486,3
9,4,KH,[TC 5C] [AD TD 8D] [9H 6H 2H] [5S],1,2.011535476419145,2
9,4,KH,[AC KC 9C 6C] [6D 4D] [4H 3H] [TS],2,1.3910465452060539,1
9,4,KH,[8C] [9D 3D 2D] [7H] [AS 7S 6S 4S],3,2.247345688392566,2
9,4,4H,[7C 2C] [KD JD 9D] [] [AS KS TS 7S],1,1.4892618269195896,1
9,4,4H,[QC] [7D 3D] [AH TH] [QS 8S 5S 4S],2,3.3145475697718063,3
9,4,4H,[AC 3C] [] [KH JH 9H 7H 6H] [6S 3S],3,5.0,5
9,4,5H,[AC 6C] [9D] [9H 6H 2H] [TS 7S 5S],1,2.0635045090002313,2
9,4,5H,[KC QC 8C] [] [TH] [AS QS JS 9S 2S],2,2.0002684303011202,2
9,4,5H,[JC TC 7C] [JD TD 6D 4D] [] [KS 3S],3,0.19712910985314863,0
9,4,3S,[8C] [8D 7D] [AH KH QH 3H 2H] [KS],1,0.5756268362517494,1
9,4,3S,[JC TC 7C 6C] [TD] [8H 5H 4H] [9S],2,0.0,0
9,4,3S,[9C 3C 2C] [AD KD QD 9D 3D 2D] [] [],3,0.3916340708068083,0
9,4,5S,[QC 9C 8C] [6D 4D] [5H 4H] [KS 4S],1,0.976530806936325,1
9,4,5S,[TC 3C] [9D 5D 2D] [6H 3H] [6S 3S],2,0.8964213874643578,1
9,4,5S,[JC 5C] [QD TD 7D] [KH TH 9H] [QS],3,3.586772857559816,3
9,4,JC,[9C 4C 2C] [8D 4D] [KH 4H] [4S 2S],1,0.3734686888333113,0
9,4,JC,[KC 8C 3C] [KD 7D] [JH TH 9H 3H] [],2,2.4492602655405458,2
9,4,JC,[QC] [TD 3D] [6H 5H] [KS 8S 7S 3S],3,1.041914965181617,2
9,4,KS,[KC JC 5C] [9D 6D] [KH 8H 5H] [7S],1,1.3185736431506698,1
9,4,KS,[QC] [TD 5D 4D] [JH 6H] [AS JS 8S],2,4.387445103906784,4
9,4,KS,[TC 9C 8C] [8D] [TH 7H] [QS 9S 6S],3,2.613470085247186,2
9,4,2D,[TC 8C 7C 6C] [] [QH 9H 8H 3H] [2S],1,0.0,0
9,4,2D,[5C] [QD 9D] [6H 4H 2H] [AS QS JS],2,1.2838599259809642,1
9,4,2D,[QC JC 9C 4C 3C] [4D] [7H] [7S 6S],3,0.0,0
9,4,TH,[4C] [KD JD] [AH KH 8H 6H 4H] [AS],1,4.578023339018083,5
9,4,TH,[AC TC 9C 8C 5C] [3D] [3H] [KS 9S],2,0.0,0
9,4,TH,[JC 7C] [QD] [7H] [JS TS 8S 3S 2S],3,0.0,1
9,4,5C,[TC 7C 4C] [7D 6D] [KH 7H] [JS 2S],1,0.4068698536413143,0
9,4,5C,[KC JC] [AD KD JD 2D] [] [QS 7S 6S],2,2.5555554439745265,3
9,4,5C,[2C] [TD 4D] [AH JH 9H 2H] [KS TS],3,0.0,1
9,4,9H,[8C] [KD JD 4D 2D] [AH JH 3H] [QS],1,3.723434056570985,4
9,4,9H,[9C 7C] [AD QD 8D 3D] [6H] [AS 6S],2,1.7516219644985913,2
9,4,9H,[QC JC TC 4C] [TD] [TH] [TS 8S 4S],3,0.9510685516464874,1
9,4,9S,[KC 6C 3C] [QD] [AH 6H 5H] [6S 4S],1,2.0998587972369633,2
9,4,9S,[8C] [AD JD 7D] [8H 4H 3H 2H] [5S],2,1.7822256022951757,2
9,4,9S,[AC 7C] [TD 4D] [KH] [AS KS JS 2S],3,5.0,5
9,4,8C,[AC 3C] [TD 2D] [5H 3H] [QS 3S 2S],1,1.7390482895306425,2
9,4,8C,[2C] [KD 9D 7D 4D] [KH 2H] [6S 5S],2,1.7433524587723264,2
9,4,8C,[KC QC TC] [] [AH 9H 8H] [AS JS 9S],3,6.0,6
9,4,AD,[AC KC 6C] [3D] [4H] [QS JS 6S 4S],1,1.9605026558094532,2
9,4,AD,[] [JD 6D] [AH KH 7H 3H 2H] [KS 8S],2,3.7546311477979626,4
9,4,AD,[QC TC 3C 2C] [2D] [8H 5H] [AS 9S],3,0.0,0
9,4,9D,[QC 7C 6C] [JD TD] [7H 4H] [AS QS],1,3.94883452664254,4
9,4,9D,[JC 5C] [6D] [QH 9H] [6S 5S 4S 2S],2,0.015099230445549162,0
9,4,9D,[TC 8C] [4D] [KH JH TH 3H] [KS 9S],3,2.8875291167018977,3
9,4,5C,[KC] [5D] [8H 5H 3H] [KS QS JS TS],1,1.421905454403849,1
9,4,5C,[TC] [TD 9D 7D 2D] [AH TH] [6S 4S],2,1.2800125345457793,1
9,4,5C,[9C 8C] [JD] [JH 9H 7H 6H] [3S 2S],3,0.39615419744402613,0
9,4,TC,[AC 6C] [KD JD] [QH 6H 2H] [KS JS],1,1.8739358148612963,2
9,4,TC,[QC 5C 4C] [] [AH 5H] [QS 6S 5S 2S],2,3.6265181196239493,4
9,4,TC,[8C] [TD 8D] [7H 4H 3H] [AS 4S 3S],3,0.0,1
8,4,QD,[9C] [4D 2D] [7H 5H 4H 2H] [JS 6S],1,0.373179098235612,0
8,4,QD,[4C] [KD 8D 3D] [QH] [KS TS 5S 4S],2,3.518990639443234,4
8,4,QD,[QC 5C 3C] [AD TD 9D 5D] [6H] [9S],3,3.1832124969847864,3
8,4,6S,[QC 9C] [7D 5D] [AH] [TS 9S 8S 2S],1,4.016739266969336,4
8,4,6S,[JC 7C 5C] [KD 9D 8D] [JH] [7S 4S],2,0.7457328749301735,1
8,4,6S,[] [AD QD 6D 2D] [9H 4H] [AS KS 3S],3,5.065440170405053,5
8,4,7H,[JC TC 8C 5C 3C] [TD] [9H] [AS],1,1.7349464905748484,2
8,4,7H,[] [7D 3D] [TH 8H 5H] [9S 3S 2S],2,3.1680747906337174,3
8,4,7H,[QC 9C] [9D 6D 5D] [KH 6H] [TS],3,1.666730800672244,1
8,4,AH,[KC JC TC 5C] [] [6H] [6S 5S 4S],1,1.7053365783968077,2
8,4,AH,[2C] [KD 6D 2D] [KH] [QS 9S 7S],2,2.1879252954168265,2
8,4,AH,[AC 8C 6C 3C] [7D] [JH] [AS KS],3,4.154937894081343,4
8,4,9C,[QC TC 4C] [AD KD] [KH TH] [6S],1,4.202219217823561,4
8,4,9C,[JC 6C] [7D 3D] [3H] [KS 9S 4S],2,0.7453004834428146,1
8,4,9C,[] [QD] [QH 9H 6H] [AS TS 3S 2S],3,0.0,0
8,4,KC,[JC 3C] [KD JD 8D] [7H] [JS 4S],1,2.303456032288881,2
8,4,KC,[AC QC 6C 2C] [5D 4D] [6H] [8S],2,3.5686392385833394,4
8,4,KC,[8C] [7D 6D 3D] [] [AS QS 5S 2S],3,0.6284453347334371,0
8,4,2D,[9C] [AD] [QH 9H 7H] [9S 7S 4S],1,0.8831714968585999,1
8,4,2D,[KC 8C 2C] [QD 8D] [5H 2H] [TS],2,1.8949875683341044,2
8,4,2D,[QC JC TC] [JD TD] [] [8S 5S 2S],3,2.3806467093360895,3
8,4,8S,[AC KC 7C] [QD TD 8D 6D] [] [7S],1,2.0893488633244393,2
8,4,8S,[8C 4C 3C 2C] [] [TH 3H] [QS 9S],2,2.139735407173102,2
8,4,8S,[TC 9C] [KD] [QH 9H 7H] [AS 3S],3,2.0687277975105167,3
8,4,KH,[3C] [5D 4D] [9H 7H 2H] [JS 3S],1,2.3265806136668465,2
8,4,KH,[QC] [3D] [JH TH 3H] [9S 6S 5S],2,3.9252016408687767,4
8,4,KH,[TC 4C] [AD TD] [8H 6H] [AS 7S],3,2.487843555217406,3
8,4,4D,[TC 8C 3C 2C] [] [7H 6H 3H] [KS],1,0.4385754052498143,0
8,4,4D,[QC JC] [KD QD 5D] [AH QH] [8S],2,4.8944996464822506,5
8,4,4D,[7C] [6D 3D] [JH 5H] [7S 4S 3S],3,0.0,0
8,4,5S,[KC 9C] [9D 8D] [AH TH] [7S 6S],1,2.3687350512811536,2
8,4,5S,[7C 4C 3C] [JD 7D 6D] [3H] [JS],2,1.7322778447439826,2
8,4,5S,[6C] [] [JH 8H 5H 4H 2H] [AS TS],3,3.4072447788927946,4
8,4,5D,[3C] [KD JD TD 4D] [AH] [KS 6S],1,5.869476180730056,6
8,4,5D,[AC JC 2C] [8D] [7H 6H 5H] [QS],2,0.24169629420588262,0
8,4,5D,[TC 7C 4C] [QD 9D] [JH] [9S 2S],3,1.5756144759615296,1
8,4,QS,[KC 7C 5C] [7D] [TH 9H 5H] [9S],1,0.7561447548681837,1
8,4,QS,[QC JC 4C] [KD QD] [8H 2H] [7S],2,1.2897296937606904,1
8,4,QS,[AC] [TD 9D 5D] [AH QH] [5S 3S],3,4.886712954567843,5
8,4,6H,[8C 3C] [5D] [] [QS TS 9S 8S 5S],1,0.07163120050902105,0
8,4,6H,[7C 4C] [TD] [TH 5H 3H] [JS 6S],2,2.723321468251991,3
8,4,6H,[QC] [9D 8D] [AH JH 9H 7H] [AS],3,5.247827855334756,5
8,4,AS,[AC 4C 3C] [KD TD] [] [9S 6S 5S],1,2.75495330555318,3
8,4,AS,[8C] [6D 2D] [5H 2H] [JS 7S 3S],2,0.9604999999999998,1
8,4,AS,[TC 6C 2C] [QD 5D 4D] [TH] [KS],3,1.2810487561754071,1
8,4,TD,[4C] [9D 3D] [KH QH 4H] [JS 9S],1,1.4884756623402047,1
8,4,TD,[AC KC QC TC 8C 6C] [QD] [] [AS],2,3.737834792026164,4
8,4,TD,[JC 9C 2C] [] [JH] [KS 6S 3S 2S],3,0.42820184522248744,0
8,4,AC,[5C 3C] [QD 9D] [QH] [9S 8S 4S],1,0.6062902256185526,1
8,4,AC,[JC 7C] [8D 3D] [2H] [JS 5S 3S],2,1.5390974640356525,2
8,4,AC,[9C 6C] [AD KD 6D] [KH 9H 8H] [],3,2.842927097385287,3
8,4,8H,[8C] [6D] [QH 9H 5H 4H] [AS KS],1,3.4970859007847492,3
8,4,8H,[] [JD 7D 5D 2D] [TH] [QS 6S 2S],2,0.14631588362943815,0
8,4,8H,[KC 9C 2C] [AD QD 9D] [] [9S 4S],3,1.258261409493235,1
8,4,4C,[KC TC 5C] [] [AH 9H 4H] [TS 4S],1,4.468985127416024,4
8,4,4C,[AC QC 7C] [7D 4D] [JH 2H] [JS],2,2.1722064681589974,2
8,4,4C,[6C] [AD KD TD 5D] [7H 6H] [5S],3,0.08060071049045946,0
8,4,5H,[QC] [8D 7D 4D 3D] [7H] [TS 3S],1,0.0,0
8,4,5H,[] [AD KD TD 5D] [2H] [AS 9S 5S],2,2.6554821588119575,3
8,4,5H,[AC 8C 7C 5C 2C] [QD] [] [JS 4S],3,0.0,0
8,4,TS,[QC 4C 3C] [TD] [9H 4H] [5S 4S],1,1.1994159684484598,1
8,4,TS,[] [AD 8D 4D 3D] [JH] [9S 8S 3S],2,3.7624571823351434,4
8,4,TS,[8C] [KD 5D 2D] [TH 5H] [AS QS],3,2.648711154260147,3
8,4,8D,[] [AD QD 3D] [4H] [KS TS 7S 5S],1,3.964408295384393,4
8,4,8D,[QC JC 7C] [JD] [QH TH 9H 6H] [],2,0.7812439929419908,1
8,4,8D,[9C 2C] [TD 6D 2D] [KH] [QS 9S],3,2.1034304244234536,3
8,4,8H,[9C 3C] [] [AH QH TH 4H] [KS TS],1,4.421026295321936,4
8,4,8H,[KC QC JC TC] [QD 2D] [] [JS 4S],2,0.0,0
8,4,8H,[AC 7C] [AD JD TD] [9H] [QS 7S],3,0.9118911737273335,0
8,4,5H,[5C 4C] [AD JD 9D 7D] [3H] [QS],1,1.650719790390785,2
8,4,5H,[KC QC] [6D 3D] [AH KH QH] [JS],2,4.447222553285667,4
8,4,5H,[JC 9C 6C] [] [JH 4H] [6S 3S 2S],3,1.0314142331665273,2
8,4,QC,[8C 6C] [AD 9D 8D 7D 3D] [] [9S],1,2.488217559256874,2
8,4,QC,[7C 5C] [QD] [8H 7H 2H] [AS 5S],2,2.294521238328668,2
8,4,QC,[AC KC] [] [TH 9H 6H] [TS 4S 2S],3,3.4124587457173865,4
7,4,KH,[9C] [TD 9D 3D] [AH 8H 4H] [3S],1,2.2682817861809754,2
7,4,KH,[TC 7C 4C 3C] [KD 7D 4D] [JH] [],2,2.0752415295296447,2
7,4,KH,[QC 6C 2C] [] [3H 2H] [QS TS 5S],3,2.839587084028522,2
7,4,9C,[TC 2C] [TD 7D 4D 2D] [AH JH] [],1,1.9264565226292532,2
7,4,9C,[JC 7C] [JD] [] [KS 8S 6S 4S 3S],2,0.7753070421083188,1
7,4,9C,[6C] [6D] [8H 4H 3H] [JS 7S 2S],3,0.0,1
7,4,QD,[AC KC] [TD 9D 5D] [9H 3H] [8S],1,3.0688471509892987,3
7,4,QD,[8C 5C] [KD 6D 3D 2D] [] [6S 4S],2,2.7119999999999997,3
7,4,QD,[QC JC 2C] [AD 4D] [JH 2H] [TS],3,0.5602877965524984,0
7,4,6D,[JC 6C] [KD 4D] [JH 7H] [7S],1,1.3578163514462687,1
7,4,6D,[KC] [QD 8D] [KH QH 3H] [KS],2,2.907522000236127,3
7,4,6D,[5C 3C] [TD 7D] [] [TS 5S 3S],3,1.199095688794719,2
7,4,3D,[KC JC] [] [6H 4H] [AS 6S 2S],1,1.3947245647169124,1
7,4,3D,[2C] [5D] [AH KH 5H] [KS 5S],2,2.265597342392913,2
7,4,3D,[TC] [7D] [7H] [QS JS 8S 3S],3,1.7456393835000719,2
7,4,QS,[3C] [KD JD 9D 4D 2D] [] [5S],1,1.45262542863231,1
7,4,QS,[JC 8C] [8D] [KH 5H 4H] [2S],2,1.487939810919311,1
7,4,QS,[AC 9C 5C] [QD 6D] [9H] [8S],3,3.6137001432890323,3
7,4,6H,[JC 8C] [KD JD] [4H] [QS TS],1,1.094398327637989,1
7,4,6H,[4C] [] [JH 7H] [AS KS 8S 6S],2,3.5366619650547815,4
7,4,6H,[QC TC] [AD] [TH 9H] [9S 7S],3,1.5012032734434724,2
7,4,KH,[QC 5C] [6D 4D] [] [9S 7S 2S],1,0.0,0
7,4,KH,[7C 2C] [AD 7D] [AH] [5S 4S],2,2.188135996661026,2
7,4,KH,[9C] [] [TH 8H 4H] [KS QS 8S],3,3.000155173527813,3
7,4,JS,[9C 6C 5C] [] [4H] [AS 5S 3S],1,1.8664508777349686,2
7,4,JS,[JC 4C] [9D 7D] [TH 8H 3H] [],2,0.0,0
7,4,JS,[8C] [5D 4D] [7H 6H] [QS 8S],3,1.630233251870823,1
7,4,4H,[KC 9C 8C] [5D] [JH 5H] [4S],1,2.000938723900684,2
7,4,4H,[5C 2C] [TD 3D] [QH] [TS 8S],2,1.4482787041331324,1
7,4,4H,[] [9D 2D] [AH KH] [QS 9S 3S],3,3.797621113708442,4
7,4,AH,[] [9D 4D] [KH TH 3H] [7S 3S],1,3.0768975745176013,3
7,4,AH,[QC 4C] [QD 6D] [JH 7H] [AS],2,1.6433910657186954,2
7,4,AH,[TC 9C] [JD 5D] [] [JS 9S 5S],3,0.0,1
7,4,KH,[JC TC 6C] [7D] [] [JS 7S 2S],1,0.0,0
7,4,KH,[QC 8C 2C] [TD 4D 3D] [] [9S],2,0.9873994746934698,1
7,4,KH,[9C] [AD KD QD] [] [QS 8S 6S],3,3.458063143437839,3
7,4,QC,[AC 8C 6C] [] [3H] [9S 7S 2S],1,2.2431175444016356,2
7,4,QC,[KC 2C] [7D 3D] [TH 8H] [8S],2,1.0831226039373893,1
7,4,QC,[9C 5C] [KD QD 5D] [JH 4H] [],3,1.913016778679612,1
7,4,7C,[4C] [TD] [QH 9H 3H] [8S 7S],1,0.26805317139318213,0
7,4,7C,[AC] [JD 9D 4D 3D] [JH] [9S],2,2.0790945946802157,2
7,4,7C,[TC 9C 8C 2C] [KD 6D] [] [3S],3,4.925601102981117,5
7,4,3D,[9C 7C] [KD] [QH 6H] [TS 9S],1,1.2081421742556726,1
7,4,3D,[AC QC 4C] [JD 6D] [AH] [4S],2,3.2015011296634324,3
7,4,3D,[TC] [9D] [JH 8H 5H] [AS KS],3,0.35673896523870835,0
7,4,8D,[] [7D 2D] [AH 4H] [AS 7S 5S],1,2.5801383201870385,3
7,4,8D,[JC 8C] [JD 5D] [8H] [JS 4S],2,0.6044830181129353,1
7,4,8D,[] [3D] [QH JH 9H 3H] [KS TS],3,0.5626009909470423,0
7,4,3H,[3C] [AD] [AH JH 9H 7H] [5S],1,3.8515667803576794,4
7,4,3H,[KC 2C] [5D 2D] [KH 2H] [7S],2,1.3489057834233704,2
7,4,3H,[TC 8C] [KD TD] [TH 8H 6H] [],3,0.0,0
7,4,9C,[] [TD 7D 6D] [8H 7H 6H] [AS],1,1.1403262327334318,1
7,4,9C,[QC TC] [JD 8D] [TH 5H 3H] [],2,3.1711462402587127,3
7,4,9C,[AC 7C 4C] [2D] [AH] [TS 7S],3,2.890122799090913,3
7,4,KS,[4C] [7D 3D] [] [JS 9S 8S 2S],1,3.758595238095238,4
7,4,KS,[9C 6C 2C] [] [TH 8H 5H] [7S],2,0.6375515520342759,1
7,4,KS,[] [KD JD 6D] [KH 3H] [TS 3S],3,3.103108418990268,3
7,4,3D,[AC KC QC 9C] [TD] [JH] [8S],1,2.134427994240605,2
7,4,3D,[TC 2C] [KD QD] [AH 9H 8H] [],2,3.256166496389469,3
7,4,3D,[8C 5C] [5D] [5H] [QS JS 2S],3,0.0,0
7,4,JH,[KC] [JD 2D] [9H 6H 3H] [AS],1,2.9990542637964825,3
7,4,JH,[AC 9C 6C 3C] [] [7H] [9S 6S],2,0.667915502314853,1
7,4,JH,[] [QD 7D] [KH 8H 4H] [QS 4S],3,1.7831812860808427,2
7,4,TD,[3C] [3D 2D] [9H 4H] [TS 6S],1,0.3279030711175811,0
7,4,TD,[QC 8C] [QD 5D 4D] [3H] [2S],2,2.17435504055462,2
7,4,TD,[KC TC] [7D] [JH 2H] [5S 4S],3,0.9433150785038551,1
7,4,QD,[KC] [AD JD] [8H 2H] [6S 5S],1,2.2405292669844132,2
7,4,QD,[QC 4C] [5D] [] [KS 7S 4S 3S],2,0.5281660866804402,1
7,4,QD,[JC] [TD] [JH TH 7H 4H] [QS],3,0.5515368889608944,0
7,4,6H,[8C 6C] [TD 8D 3D] [9H 8H] [],1,0.7445163716330683,1
7,4,6H,[AC QC 5C] [2D] [QH] [TS 8S],2,1.5903523542634008,2
7,4,6H,[KC 4C 3C 2C] [6D] [] [5S 2S],3,0.0,0
7,4,2S,[6C] [8D 7D 4D] [QH 7H] [8S],1,0.6486597209968717,1
7,4,2S,[KC 5C 3C] [6D 5D] [6H] [KS],2,2.3480816759274314,2
7,4,2S,[] [9D 3D] [8H] [TS 9S 7S 3S],3,4.517918480955776,5
6,4,4C,[9C 2C] [4D] [QH 7H 3H] [JS],1,0.8675151506013465,1
6,4,4C,[5C] [AD 6D] [5H] [KS QS 9S],2,1.6504327972063386,2
6,4,4C,[AC QC 8C 6C] [TD] [] [6S 3S],3,3.7716837298365338,4
6,4,8C,[JC 9C] [] [KH] [AS KS JS 9S],1,3.423026212888665,3
6,4,8C,[AC TC] [7D 2D] [8H] [8S 3S],2,1.9774999999999998,2
6,4,8C,[] [AD QD 9D] [7H 3H] [4S 2S],3,0.0,0
6,4,KH,[JC TC 8C] [4D] [JH 9H] [QS],1,1.8444191314042757,2
6,4,KH,[] [2D] [AH QH 5H 3H] [KS TS],2,4.1613042574972585,4
6,4,KH,[] [JD] [7H 6H] [JS 8S 7S 5S],3,0.0,1
6,4,3D,[AC 8C] [] [TH 6H] [AS JS TS],1,1.0272148619047747,1
6,4,3D,[6C 3C] [2D] [AH QH] [KS 2S],2,1.1547177995902531,1
6,4,3D,[QC] [QD JD 9D] [] [8S 7S 3S],3,3.624279450203752,4
6,4,QH,[7C] [6D] [JH 9H] [7S 6S],1,1.0480514243896184,1
6,4,QH,[JC TC 5C] [KD TD] [] [4S],2,0.4141343359480505,0
6,4,QH,[4C] [9D 4D] [4H 3H] [9S],3,2.6114702880709033,2
6,4,4C,[9C 6C] [QD 7D 5D] [] [3S],1,1.2210669812630526,1
6,4,4C,[] [AD TD 3D] [] [QS 9S 2S],2,1.213172686675821,1
6,4,4C,[QC TC 7C] [JD] [TH] [7S],3,4.144234545290295,4
6,4,KH,[KC 7C] [7D] [TH] [JS 7S],1,1.7471701027380546,2
6,4,KH,[4C 2C] [QD] [QH] [6S 4S],2,1.2932412029770954,1
6,4,KH,[6C] [JD TD] [6H 4H] [3S],3,1.51203710294127,1
6,4,QC,[5C] [AD 6D 3D] [6H] [QS],1,0.0,0
6,4,QC,[] [7D 4D] [QH 9H] [9S 5S],2,0.0,0
6,4,QC,[JC 3C 2C] [5D 2D] [] [TS],3,2.652299576983767,3
6,4,JH,[KC 8C] [7D] [9H 4H] [8S],1,1.1014695145861013,1
6,4,JH,[QC 7C] [3D] [AH 2H] [2S],2,1.3662232505792034,1
6,4,JH,[] [KD 4D] [QH 8H 6H] [JS],3,3.076586046467654,3
6,4,AD,[2C] [8D] [QH TH 9H] [7S],1,0.5119555371098229,1
6,4,AD,[6C] [JD 7D 4D] [JH] [4S],2,2.6596667045658973,3
6,4,AD,[5C 4C 3C] [] [KH 4H] [9S],3,0.0,0
6,4,AD,[9C 8C] [KD] [TH] [7S 4S],1,0.9683477346356563,1
6,4,AD,[KC QC] [8D 2D] [4H] [QS],2,1.455528421147458,1
6,4,AD,[TC] [JD] [9H 2H] [5S 2S],3,1.7216810679689896,1
6,4,TH,[KC 4C] [] [4H 3H] [7S 6S],1,1.50925267523509,2
6,4,TH,[] [JD 5D] [AH 7H 6H] [3S],2,2.1081504154676085,2
6,4,TH,[5C] [KD 9D] [JH] [AS 4S],3,1.5847121814993244,2
6,4,AH,[JC 8C 3C] [7D] [] [8S 2S],1,0.0,0
6,4,AH,[] [] [JH 7H 4H] [9S 5S 4S],2,2.6894445527327426,3
6,4,AH,[] [TD 4D 3D] [8H] [TS 6S],3,0.0,1
6,4,KC,[2C] [9D] [6H 4H 3H] [3S],1,0.045638969770026426,0
6,4,KC,[AC 6C] [JD 7D 3D] [8H] [],2,2.501673998671733,3
6,4,KC,[5C 3C] [] [JH] [KS 8S 5S],3,0.7653068026468207,0
6,4,6D,[KC QC 3C] [5D] [TH] [8S],1,0.771878702397898,1
6,4,6D,[9C 2C] [9D 4D] [5H] [QS],2,1.6367391879446394,2
6,4,6D,[] [] [QH JH 7H] [9S 4S 2S],3,0.6648392994508211,1
6,4,4S,[KC 9C 8C] [8D] [8H] [7S],1,0.372210158492315,0
6,4,4S,[JC] [4D] [7H 6H] [KS 2S],2,1.8620514622888493,2
6,4,4S,[2C] [5D] [AH 2H] [9S 5S],3,2.102818964439071,3
6,4,AD,[KC 7C 3C] [KD] [9H] [JS],1,2.098162611767858,2
6,4,AD,[JC 4C] [] [KH JH TH] [2S],2,0.9428022609213804,1
6,4,AD,[6C] [QD] [5H] [AS 8S 7S],3,3.3745744924477012,4
6,4,3S,[8C] [7D 5D 4D] [] [7S 5S],1,1.1234498273156552,1
6,4,3S,[5C] [TD 9D 6D] [TH] [6S],2,0.8211156731655175,1
6,4,3S,[JC] [AD] [4H 3H] [KS 9S],3,3.702738492845726,4
6,4,AS,[9C] [] [5H 4H] [JS TS 6S],1,3.2349256257820866,3
6,4,AS,[4C] [5D] [KH 6H] [KS 5S],2,1.0571876056423863,1
6,4,AS,[QC] [AD TD] [9H 7H 3H] [],3,0.23685104659061787,0
6,4,QD,[JC 5C] [JD 5D] [9H 4H] [],1,2.5211518957982246,3
6,4,QD,[2C] [4D] [QH JH 6H] [4S],2,0.32363472540886623,0
6,4,QD,[AC QC 7C 6C] [3D] [] [6S],3,2.9382802034552267,2
6,4,7H,[7C] [2D] [6H 4H 2H] [KS],1,3.0315921055563595,3
6,4,7H,[KC] [AD 7D 5D] [TH 9H] [],2,2.8907865873494547,3
6,4,7H,[AC 4C] [KD] [QH] [AS 2S],3,1.1352300344345023,1
6,4,5H,[QC] [TD 4D] [6H 4H] [8S],1,0.892941475093215,1
6,4,5H,[] [6D 5D] [QH 8H] [6S 4S],2,1.908619989345394,2
6,4,5H,[TC 3C] [9D] [KH] [AS JS],3,1.228628065191891,2
6,4,TH,[AC KC] [6D] [QH] [KS 2S],1,2.0292005980896652,2
6,4,TH,[] [QD 9D 3D] [8H] [JS 5S],2,0.35427249267335487,0
6,4,TH,[] [7D] [AH 7H 5H] [7S 4S],3,2.630116493982322,3
6,4,QC,[6C] [4D] [6H 4H] [AS 7S],1,1.424818964439071,1
6,4,QC,[] [JD 6D] [QH 5H] [6S 3S],2,1.3028724143415382,1
6,4,QC,[AC JC] [QD 3D] [2H] [8S],3,5.214838492856251,5
6,4,3C,[] [9D] [TH 6H 2H] [AS 8S],1,1.214723850345809,1
6,4,3C,[JC TC 8C 7C] [8D] [3H] [],2,4.52,5
6,4,3C,[6C 5C] [JD 6D 3D] [] [4S],3,0.0,1
5,4,TS,[5C] [TD] [AH] [9S 6S 2S],1,2.955203446891655,3
5,4,TS,[6C] [JD] [9H 7H 2H] [4S],2,0.0,0
5,4,TS,[] [7D] [TH 6H] [QS JS 5S],3,3.6176535947948465,4
5,4,4H,[9C 6C 4C] [QD] [7H] [9S],1,0.0,0
5,4,4H,[TC 7C 2C] [5D 4D] [] [TS],2,0.0,0
5,4,4H,[8C 5C] [2D] [] [JS 7S 3S],3,0.5930540093263389,1
5,4,KC,[] [TD 4D] [QH] [QS 6S 2S],1,0.08655862904061212,0
5,4,KC,[6C] [7D] [AH 3H] [KS TS],2,1.8108989284941053,2
5,4,KC,[AC 7C] [8D] [2H] [7S 5S],3,1.8013847577229516,1
5,4,KH,[AC] [] [TH 9H 6H] [9S 8S],1,2.59196817617341,3
5,4,KH,[5C] [TD 9D] [AH 7H] [JS],2,1.1810851789028516,2
5,4,KH,[9C 7C 2C] [JD 7D] [QH] [],3,1.0,1
5,4,8S,[6C 2C] [5D] [6H 5H] [5S],1,0.4143333333333333,0
5,4,8S,[5C 3C] [] [JH] [JS TS 6S],2,4.229286693911291,4
5,4,8S,[AC] [KD 9D] [QH 9H] [9S],3,0.8874284233011219,0
5,4,JC,[8C 5C 3C] [] [] [AS 6S],1,3.3845040343730255,3
5,4,JC,[7C 2C] [] [8H 3H] [KS],2,1.1750781802942545,1
5,4,JC,[KC] [] [QH 5H] [7S 5S],3,0.9382950874323825,0
5,4,AH,[AC 8C] [] [QH JH 2H] [],1,3.445144003405392,3
5,4,AH,[] [4D 3D] [7H] [JS 7S],2,0.0,0
5,4,AH,[QC TC 6C] [] [6H] [TS],3,0.41207038435736254,0
5,4,4S,[9C 7C] [KD 6D 4D] [] [],1,0.7428452406204401,1
5,4,4S,[6C] [] [7H 6H] [JS 6S],2,2.5956066356990317,3
5,4,4S,[AC 8C 5C] [AD 5D] [] [],3,0.5870921345671466,0
5,4,6D,[7C] [TD] [KH QH] [8S],1,1.546470861519435,2
5,4,6D,[AC QC 3C] [KD] [2H] [],2,1.2473948170090066,1
5,4,6D,[6C] [JD 9D] [JH] [3S],3,0.9275387412493682,0
5,4,5D,[KC 8C] [] [KH] [QS 8S],1,0.8796944542501163,1
5,4,5D,[AC 7C] [] [] [9S 6S 2S],2,0.756161951853369,1
5,4,5D,[5C] [JD 8D] [JH] [7S],3,2.057538741249368,3
5,4,8S,[4C] [5D] [4H] [9S 5S],1,0.4256333333333332,0
5,4,8S,[JC 6C] [QD] [2H] [4S],2,0.13575344583637672,0
5,4,8S,[] [KD 9D] [9H] [KS 7S],3,2.921530407565437,3
5,4,2S,[] [KD] [3H] [QS 6S 3S],1,3.284411513627587,3
5,4,2S,[TC 5C] [9D] [7H] [8S],2,0.0,0
5,4,2S,[QC 2C] [TD] [AH JH] [],3,1.4256579372415543,1
5,4,9D,[] [QD JD] [JH 3H] [TS],1,2.0153864796293264,2
5,4,9D,[] [TD 5D] [TH] [7S 3S],2,0.9131631232073492,1
5,4,9D,[] [2D] [9H 5H] [6S 4S],3,0.0,1
5,4,2D,[JC 4C] [QD] [JH 4H] [],1,1.2748266509086852,1
5,4,2D,[8C 2C] [5D] [3H] [5S],2,0.5537,1
5,4,2D,[AC] [9D] [QH 5H] [9S],3,1.7609747039750967,1
5,4,2D,[] [6D] [JH TH 8H 7H] [],1,0.7202023523714586,1
5,4,2D,[TC 2C] [TD 3D] [3H] [],2,2.0375928891748196,2
5,4,2D,[9C 8C] [4D] [5H 4H] [],3,0.3375103329248938,0
5,4,9H,[9C] [KD 4D 3D] [2H] [],1,0.9863431766624713,1
5,4,9H,[QC] [7D] [7H 3H] [2S],2,1.489023453715367,1
5,4,9H,[] [JD] [QH] [AS 8S 3S],3,2.413540475489693,3
5,4,4H,[] [4D 3D] [3H 2H] [KS],1,0.7984115136275879,1
5,4,4H,[9C 4C] [9D 8D 2D] [] [],2,0.0,0
5,4,4H,[6C 5C 2C] [] [] [9S 6S],3,0.0,0
5,4,9H,[8C] [] [AH 4H 2H] [7S],1,2.534966666666666,3
5,4,9H,[JC] [7D] [3H] [TS 4S],2,0.0,0
5,4,9H,[] [5D 4D] [] [QS 9S 3S],3,0.0,0
5,4,4D,[] [7D] [AH 6H 4H] [AS],1,1.279846021533672,1
5,4,4D,[7C] [] [JH 2H] [KS QS],2,0.06513418697377794,0
5,4,4D,[KC QC] [KD QD 6D] [] [],3,4.047910830551801,4
5,4,9S,[8C 7C] [7D] [] [JS 3S],1,2.2189399690323652,2
5,4,9S,[6C 5C] [JD 3D] [] [KS],2,1.4378299921210094,1
5,4,9S,[] [AD QD TD 8D 5D] [] [],3,1.0934147081933134,1
5,4,8D,[9C] [JD 9D 6D] [] [QS],1,3.0373184512842277,3
5,4,8D,[6C 2C] [AD] [] [5S 2S],2,0.8474999999999999,1
5,4,8D,[8C 5C] [7D 5D] [QH] [],3,0.9240234537153671,0
5,4,JC,[KC TC] [5D] [6H] [KS],1,2.726944846960921,3
5,4,JC,[5C] [QD 8D] [2H] [6S],2,0.0,0
5,4,JC,[] [TD] [KH] [AS 9S 3S],3,0.4995967645854566,0
5,4,7D,[TC 3C] [] [AH] [7S 3S],1,0.6486708724496407,1
5,4,7D,[7C] [] [7H] [TS 9S 6S],2,0.28596112575598764,0
5,4,7D,[2C] [3D] [9H] [QS 8S],3,2.3434567516679103,2
5,4,4D,[8C] [TD] [KH 7H 6H] [],1,1.1176082100612448,1
5,4,4D,[QC TC] [5D] [TH] [3S],2,0.09205297648926625,0
5,4,4D,[] [KD 6D] [4H 3H] [9S],3,2.599568299934559,3
5,4,JH,[QC 9C 6C 4C] [] [6H] [],1,0.3774654035714067,0
5,4,JH,[] [KD QD] [QH] [7S 4S],2,1.7348041948527684,2
5,4,JH,[JC 5C] [5D] [TH 3H] [],3,1.4909366278200415,2
4,4,4D,[TC] [KD 5D] [KH] [8S],1,1.2735543670897,1
4,4,4D,[QC] [] [8H 2H] [TS 7S],2,0.0,0
4,4,4D,[] [QD] [AH QH 6H] [5S],3,2.377394817009006,3
4,4,JC,[5C] [2D] [4H] [QS JS],1,0.8328334446016502,1
4,4,JC,[KC QC] [JD 4D 3D] [] [],2,3.1224577004042082,3
4,4,JC,[] [QD TD] [8H] [KS 8S],3,0.1302510088377614,0
4,4,9D,[TC 5C] [KD 3D] [] [8S],1,1.8492595558414862,2
4,4,9D,[4C] [JD 5D] [8H] [6S],2,0.8882196992871283,1
4,4,9D,[9C 2C] [] [JH 6H 4H] [],3,0.0,0
4,4,7D,[9C] [JD] [AH] [6S 3S],1,1.7756462832093807,2
4,4,7D,[] [KD 8D] [JH 6H] [QS],2,1.6126600815354086,2
4,4,7D,[KC QC] [TD 6D] [] [AS],3,1.2054287828589871,1
4,4,AD,[] [8D 5D 4D] [2H] [TS],1,2.92418982084165,3
4,4,AD,[4C] [KD QD 9D 2D] [] [],2,3.213713271398064,3
4,4,AD,[JC 5C 3C] [] [] [QS 5S],3,0.0,0
4,4,TS,[] [9D 3D] [QH] [JS 3S],1,1.9659004533069275,2
4,4,TS,[8C 4C] [] [7H 2H] [8S],2,0.33560663569903193,0
4,4,TS,[KC] [JD] [6H] [5S 4S],3,2.344397222256494,3
4,4,AH,[AC] [] [6H 2H] [8S],1,2.1037130838059572,2
4,4,AH,[4C] [JD] [] [9S 2S],2,0.016899694123986838,0
4,4,AH,[TC 7C] [7D 3D] [] [],3,1.1319297424543027,1
4,4,KC,[JC] [2D] [9H] [3S],1,1.5076163497476855,2
4,4,KC,[QC] [9D] [] [QS 2S],2,1.178351322970559,1
4,4,KC,[] [3D] [AH] [JS 7S],3,0.38064829525125693,0
4,4,6S,[7C 2C] [QD] [9H] [],1,0.0,0
4,4,6S,[KC] [] [7H 2H] [9S],2,0.7108675237177304,1
4,4,6S,[TC 5C] [3D] [JH] [],3,0.018444810798340486,0
4,4,AS,[] [6D 5D] [9H] [JS],1,0.7542830164143525,1
4,4,AS,[] [9D 7D] [4H 2H] [],2,0.0,0
4,4,AS,[QC 5C] [] [] [QS 8S],3,1.6099843507528024,2
4,4,KD,[5C] [QD] [7H] [4S],1,1.5066666666666664,2
4,4,KD,[QC JC] [3D] [] [9S],2,0.4809341352565832,0
4,4,KD,[7C] [JD] [] [KS 6S],3,2.4922637552992657,3
4,4,QS,[KC JC] [KD] [] [JS],1,2.017220347343962,2
4,4,QS,[6C 5C] [QD] [] [8S],2,0.5006297904412609,1
4,4,QS,[] [] [QH] [AS KS 7S],3,2.7606297904412607,3
4,4,9S,[6C 3C] [] [AH TH] [],1,0.30973721037498986,0
4,4,9S,[] [TD] [7H 6H] [8S],2,1.0015594911769217,1
4,4,9S,[AC KC] [] [QH] [KS],3,2.6438756492699946,3
4,4,2D,[] [] [QH TH 3H] [3S],1,0.40775881861116375,0
4,4,2D,[6C] [5D] [6H] [TS],2,1.472976780313659,1
4,4,2D,[] [9D 6D] [AH] [6S],3,3.9870464171392905,4
4,4,3C,[] [QD 8D 4D] [] [6S],1,0.03109215010361948,0
4,4,3C,[] [6D 3D] [8H] [8S],2,0.565,1
4,4,3C,[4C] [2D] [5H] [AS],3,1.8400464171392907,1
4,4,JS,[5C] [TD] [7H] [KS],1,1.1339767803136591,1
4,4,JS,[] [AD] [9H 3H 2H] [],2,0.3711804409192836,0
4,4,JS,[] [4D] [KH QH] [TS],3,2.492288806203078,3
4,4,6S,[7C 3C] [5D] [] [2S],1,0.809249377529929,1
4,4,6S,[] [7D 3D] [8H] [TS],2,1.6949999999999998,2
4,4,6S,[4C] [2D] [KH] [KS],3,1.408284812854468,2
4,4,AS,[9C] [] [AH JH 5H] [],1,0.0,0
4,4,AS,[TC 8C] [AD] [] [9S],2,0.8055588704568558,1
4,4,AS,[QC] [] [] [TS 5S 3S],3,2.328047079577998,2
4,4,2S,[4C] [] [KH QH] [4S],1,1.041538183733007,1
4,4,2S,[KC] [TD] [7H 3H] [],2,0.8472615931681273,1
4,4,2S,[6C] [8D 5D] [] [JS],3,2.26,3
4,4,AH,[] [JD 6D] [9H] [8S],1,0.4421845889752284,0
4,4,AH,[3C] [8D] [] [QS 7S],2,0.61240163988954,1
4,4,AH,[] [5D] [QH 3H] [2S],3,2.6925827108632623,3
4,4,9D,[KC] [KD 4D] [8H] [],1,1.8408675237177303,2
4,4,9D,[6C] [] [7H] [KS 6S],2,0.0,0
4,4,9D,[9C 7C] [AD] [3H] [],3,1.1303846257799488,2
4,4,9D,[] [] [KH 7H 6H] [4S],1,0.18810924402002022,0
4,4,9D,[] [4D 3D] [4H] [AS],2,2.2920464171392907,2
4,4,9D,[] [QD 8D] [QH] [TS],3,1.63460657075492,2
4,4,KH,[] [QD 5D] [AH] [TS],1,1.5580450868698659,2
4,4,KH,[5C] [] [TH] [7S 3S],2,1.13,1
4,4,KH,[] [KD 8D] [5H 2H] [],3,1.5882637552992658,2
4,4,AS,[] [] [AH QH 8H 6H] [],1,0.19501822195577778,0
4,4,AS,[] [7D 6D 2D] [9H] [],2,0.5659496830810189,1
4,4,AS,[6C] [AD] [JH] [6S],3,1.8565614854833286,1
4,4,JC,[7C 3C] [] [] [KS 7S],1,1.9649304219659325,2
4,4,JC,[] [8D 3D] [6H] [2S],2,0.0,0
4,4,JC,[8C 5C] [AD] [] [3S],3,2.8570464171392906,3
3,4,8H,[QC] [5D] [] [TS 4S],1,0.44664348869896764,0
3,4,8H,[8C] [] [TH] [8S 7S],2,2.26,2
3,4,8H,[3C] [7D 2D] [] [JS],3,1.1465150683440377,1
3,4,TH,[4C 3C] [9D 6D] [] [],1,0.3770512924466155,0
3,4,TH,[] [] [9H 3H 2H] [JS],2,3.4065150683440373,3
3,4,TH,[] [JD] [QH] [6S 5S],3,1.1465150683440377,2
3,4,QC,[] [4D] [JH] [8S 5S],1,0.0,0
3,4,QC,[9C] [] [] [QS 6S 4S],2,0.4636748609668819,0
3,4,QC,[TC] [AD 6D] [] [JS],3,2.586200075409726,3
3,4,7H,[AC] [9D] [4H 3H] [],1,2.1046627668869764,2
3,4,7H,[8C] [TD 4D] [8H] [],2,0.43451245331756494,0
3,4,7H,[7C] [QD 7D] [] [QS],3,1.2454487194675385,1
3,4,KH,[7C] [] [] [TS 7S 4S],1,0.3774969266942183,0
3,4,KH,[KC] [KD] [5H] [3S],2,2.025569625708936,2
3,4,KH,[6C] [9D] [JH] [6S],3,2.2609496830810185,3
3,4,2S,[5C] [3D] [] [9S 4S],1,1.3559999999999999,1
3,4,2S,[9C] [] [9H 2H] [8S],2,0.4339170197242303,0
3,4,2S,[3C] [] [AH] [5S 3S],3,2.8570464171392906,3
3,4,7S,[7C] [6D 3D] [3H] [],1,0.0,0
3,4,7S,[JC 2C] [QD] [QH] [],2,0.7106960372679629,1
3,4,7S,[] [] [TH 6H] [TS 8S],3,2.694512453317565,3
3,4,2D,[7C] [4D] [] [6S],1,0.3578333333333333,0
3,4,2D,[] [] [AH] [5S 2S],2,0.4878470730162971,0
3,4,2D,[] [KD] [6H] [9S],3,2.54257727441206,3
3,4,QD,[] [6D 2D] [8H] [],1,1.4124999999999999,1
3,4,QD,[9C 5C] [] [] [AS],2,0.48787357178751395,0
3,4,QD,[] [JD 8D] [] [4S],3,2.7904123547307447,3
3,4,8C,[7C 5C] [] [AH] [],1,1.617847073016297,2
3,4,8C,[] [2D] [JH] [7S],2,0.0,0
3,4,8C,[6C] [TD] [] [KS],3,0.9026618033159051,0
3,4,7H,[KC] [7D] [] [AS],1,0.6554773367030703,1
3,4,7H,[] [] [9H] [TS 5S],2,0.7347257811443975,1
3,4,7H,[] [] [6H] [7S 3S],3,0.7344999999999998,0
3,4,8H,[8C 5C] [3D] [] [],1,0.2825,0
3,4,8H,[7C] [] [5H] [9S],2,1.2995772744120597,1
3,4,8H,[6C] [4D] [] [JS],3,1.4161364840184092,1
3,4,KH,[] [9D 8D 4D] [] [],1,0.28250718313655143,0
3,4,KH,[] [] [] [AS QS 5S],2,0.975214306653263,1
3,4,KH,[3C] [2D] [] [TS],3,1.413031539629132,1
3,4,3D,[6C] [] [QH] [TS],1,0.30778214759159755,0
3,4,3D,[3C] [7D] [] [4S],2,1.2994999999999999,1
3,4,3D,[KC] [] [6H] [3S],3,1.5801302636867731,1
3,4,8D,[] [] [KH 9H] [9S],1,0.041239471789473674,0
3,4,8D,[JC] [] [AH 5H] [],2,0.4519143413484481,0
3,4,8D,[QC 4C] [] [] [3S],3,1.4286310219321021,1
3,4,JH,[6C 5C] [] [8H] [],1,0.3578333333333333,0
3,4,JH,[3C] [QD] [] [QS],2,0.33200121592493104,0
3,4,JH,[] [] [4H 3H] [7S],3,2.5424999999999995,3
3,4,5H,[] [] [9H 4H] [2S],1,1.4124999999999999,1
3,4,5H,[8C] [JD] [] [3S],2,0.2861364840184092,0
3,4,5H,[] [] [3H] [JS 5S],3,1.866413355631576,1
3,4,2C,[] [] [5H] [QS 2S],1,0.0,0
3,4,2C,[QC] [AD] [] [TS],2,1.6183786126454291,2
3,4,2C,[JC] [] [9H 2H] [],3,1.2825264987712168,1
3,4,KS,[QC JC TC] [] [] [],1,0.0,0
3,4,KS,[AC 2C] [6D] [] [],2,0.44827785733003883,0
3,4,KS,[9C] [] [] [7S 2S],3,2.54257727441206,3
3,4,9H,[AC QC] [] [] [9S],1,0.07179295585867491,0
3,4,9H,[5C 4C 3C] [] [] [],2,0.2825,0
3,4,9H,[6C] [3D] [8H] [],3,1.8644999999999998,1
3,4,QH,[8C] [] [8H] [2S],1,0.7344999999999998,1
3,4,QH,[] [9D] [AH KH] [],2,2.54257727441206,3
3,4,QH,[] [5D 4D 3D] [] [],3,0.0,0
3,4,2H,[4C] [] [KH 8H] [],1,1.6604123547307448,2
3,4,2H,[] [] [6H] [7S 4S],2,0.16949999999999996,0
3,4,2H,[3C] [] [AH] [AS],3,1.617847073016297,2
3,4,6S,[] [6D 5D] [] [QS],1,1.4124999999999999,1
3,4,6S,[2C] [] [KH] [JS],2,1.5801302636867731,2
3,4,6S,[QC] [2D] [3H] [],3,0.0,1
3,4,2C,[8C] [7D] [] [4S],1,0.7344999999999998,1
3,4,2C,[QC TC] [] [] [QS],2,2.5672506079624653,3
3,4,2C,[3C] [] [KH] [3S],3,0.0,0
3,4,KD,[] [7D] [8H] [QS],1,0.7592506079624654,1
3,4,KD,[] [TD 2D] [TH] [],2,1.6609438943598769,2
3,4,KD,[TC 7C] [] [QH] [],3,0.0,1
2,4,AD,[AC] [2D] [4H] [],1,0.5631804063496304,1
2,4,AD,[] [TD] [2H] [2S],2,0.8474999999999999,1
2,4,AD,[] [] [KH] [7S 6S],3,0.0,1
2,4,7D,[QC JC] [] [] [3S],1,0.0,0
2,4,7D,[4C] [] [] [KS TS],2,0.417828870901962,0
2,4,7D,[KC] [TD] [7H] [],3,2.7101302636867732,3
2,4,2C,[8C 6C] [] [7H] [],1,1.4124999999999999,1
2,4,2C,[KC] [9D] [9H] [],2,1.4126545488241193,1
2,4,2C,[5C] [] [] [JS 8S],3,0.7364133556315762,0
2,4,3D,[] [4D] [9H] [3S],1,0.3579106077453931,0
2,4,3D,[] [] [JH] [TS 7S],2,0.2863622651628067,0
2,4,3D,[9C] [] [4H] [KS],3,1.580207538098833,1
2,4,AD,[4C] [JD] [] [JS],1,1.4161364840184092,1
2,4,AD,[] [] [9H 7H 3H] [],2,0.28250718313655143,0
2,4,AD,[5C] [QD] [] [QS],3,2.567250607962465,3
2,4,6D,[] [] [6H 4H] [KS],1,0.45013026368677317,0
2,4,6D,[3C] [KD] [JH] [],2,1.9811364840184091,2
2,4,6D,[JC 6C 4C] [] [] [],3,0.283374276351245,0
2,4,KS,[TC] [] [] [7S 4S],1,0.6596982062957986,1
2,4,KS,[KC 4C] [] [] [9S],2,0.0,0
2,4,KS,[] [5D 2D] [] [TS],3,0.2825,1
2,4,2S,[] [] [6H] [9S 3S],1,1.4124999999999999,1
2,4,2S,[] [JD 3D] [AH] [],2,0.4897604286478734,0
2,4,2S,[] [] [4H] [TS 6S],3,2.7904123547307447,3
2,4,KS,[] [6D] [] [5S],1,0.48966666666666664,0
2,4,KS,[] [3D] [JH] [],2,0.0002574037551548504,0
2,4,KS,[3C] [TD] [] [],3,0.5650156275892736,0
2,4,TH,[JC TC] [] [] [],1,0.18845761469522976,0
2,4,TH,[7C 3C] [] [] [],2,0.565,1
2,4,TH,[AC] [KD] [] [],3,0.7128520682614546,0
2,4,7D,[] [2D] [] [3S],1,0.8663333333333332,1
2,4,7D,[] [] [QH] [9S],2,0.004227784847762953,0
2,4,7D,[] [] [TH 4H] [],3,0.5650059194336313,0
2,4,7S,[AC] [QD] [] [],1,0.0,0
2,4,7S,[] [] [JH 4H] [],2,0.00012428136189645338,0
2,4,7S,[] [7D 5D] [] [],3,0.565,0
2,4,TS,[JC] [] [] [2S],1,0.48992407042182146,0
2,4,TS,[5C] [] [2H] [],2,0.0,0
2,4,TS,[KC] [4D] [] [],3,0.6342073511011065,0
2,4,KD,[9C 7C] [] [] [],1,0.0,0
2,4,KD,[] [] [TH] [KS],2,0.0,0
2,4,KD,[JC] [] [AH] [],3,0.0,1
2,4,7C,[] [5D] [] [2S],1,0.0,0
2,4,7C,[4C] [] [] [7S],2,0.6779999999999999,1
2,4,7C,[JC] [] [4H] [],3,0.565,1
2,4,JD,[KC 6C] [] [] [],1,0.0,0
2,4,JD,[AC] [] [] [QS],2,0.08287155623870887,0
2,4,JD,[TC] [] [5H] [],3,0.5650156275892736,0
2,4,KC,[9C] [] [] [8S],1,0.8663333333333332,1
2,4,KC,[6C] [] [8H] [],2,0.6779999999999999,1
2,4,KC,[] [] [QH 6H] [],3,0.0,1
2,4,3H,[5C] [] [JH] [],1,1.3183333333333334,1
2,4,3H,[7C] [3D] [] [],2,0.0,0
2,4,3H,[3C] [] [5H] [],3,1.2429999999999999,2
2,4,JH,[] [AD] [8H] [],1,0.5683113838270148,1
2,4,JH,[8C 2C] [] [] [],2,0.0,0
2,4,JH,[] [] [TH] [2S],3,0.565,1
2,4,7H,[] [4D] [] [4S],1,0.1883333333333333,0
2,4,7H,[] [] [] [AS JS],2,0.6266975036522482,1
2,4,7H,[] [] [4H] [6S],3,1.2429999999999999,2
2,4,QD,[2C] [] [4H] [],1,0.1883333333333333,0
2,4,QD,[] [3D] [] [7S],2,1.2429999999999999,1
2,4,QD,[] [2D] [TH] [],3,1.2430156275892734,2
2,4,9S,[] [7D] [KH] [],1,0.0,0
2,4,9S,[7C] [] [] [AS],2,1.13,1
2,4,9S,[] [] [TH] [7S],3,0.11301562758927364,1
2,4,2D,[] [QD] [8H] [],1,1.3183333333333334,1
2,4,2D,[] [8D 7D] [] [],2,1.13,1
2,4,2D,[] [9D] [] [8S],3,0.11299999999999996,1
2,4,7D,[2C] [] [KH] [],1,0.0,0
2,4,7D,[] [] [4H] [3S],2,0.0,0
2,4,7D,[] [] [QH] [4S],3,0.5692268390783606,0
2,4,5C,[KC] [] [] [7S],1,0.9416666666666667,1
2,4,5C,[3C] [2D] [] [],2,0.11299999999999996,0
2,4,5C,[] [QD] [] [4S],3,0.0,1
1,4,9C,[] [] [AH TH] [],1,0.25003070228769303,0
1,4,9C,[5C] [] [] [2S],2,1.2429999999999999,1
1,4,9C,[TC] [] [] [JS],3,1.6952574037551547,2
1,4,9S,[] [JD] [] [8S],1,0.866590737088488,1
1,4,9S,[] [KD] [7H] [],2,0.06920735110110646,0
1,4,9S,[] [2D] [KH] [],3,0.6342073511011065,0
1,4,3H,[AC] [9D] [] [],1,0.0,0
1,4,3H,[] [] [7H] [9S],2,0.6780009457694022,1
1,4,3H,[TC] [] [] [7S],3,0.0,1
1,4,9C,[TC] [AD] [] [],1,1.3969780504936817,1
1,4,9C,[4C] [] [] [3S],2,0.6779999999999999,1
1,4,9C,[] [] [QH 5H] [],3,0.0,1
1,4,3H,[] [9D] [5H] [],1,0.8663342791027355,1
1,4,3H,[TC] [] [] [7S],2,1.562758927371031,0
1,4,3H,[8C] [] [KH] [],3,1.6949999999999998,2
1,4,4S,[TC] [] [] [2S],1,0.8663489609226068,1
1,4,4S,[] [2D] [6H] [],2,0.0,0
1,4,4S,[] [] [3H] [TS],3,1.6949999999999998,2
1,4,5S,[AC] [QD] [] [],1,0.0,0
1,4,5S,[] [] [3H] [AS],2,1.13,1
1,4,5S,[] [] [QH 4H] [],3,0.0,1
1,4,8H,[5C 3C] [] [] [],1,0.0,0
1,4,8H,[] [KD 4D] [] [],2,0.05429367873281022,0
1,4,8H,[] [] [QH 4H] [],3,1.7940662631673086,2
1,4,QH,[] [JD] [] [4S],1,0.18859073708848814,0
1,4,QH,[] [TD] [6H] [],2,1.2430156275892734,1
1,4,QH,[5C] [] [9H] [],3,1.2429999999999999,2
