seed,winner,score1,score2,score3,score0,dealer,round1,round2,round3,round4,round5,round6,round7,round8,round9,round10,round11,round12,round13,round14,round15,round16,round17,round18,round19
1950,1,179,130,132,140,2,"[0, 12, 0, 11]","[0, 15, 11, 0]","[10, 14, 0, 13]","[13, 13, 10, 0]","[11, 0, 11, 12]","[0, 12, 0, 0]","[12, 11, 0, 10]","[0, 0, 11, 10]","[0, 12, 10, 10]","[11, 10, 10, 0]","[10, 11, 0, 10]","[11, 10, 0, 11]","[0, 10, 10, 13]","[0, 10, 0, 11]","[13, 0, 11, 10]","[11, 11, 13, 0]","[12, 0, 10, 0]","[13, 12, 13, 11]","[13, 16, 10, 0]"
1951,3,121,102,167,98,3,"[11, 12, 0, 14]","[13, 0, 0, 14]","[0, 12, 0, 0]","[0, 0, 0, 10]","[0, 0, 0, 11]","[0, 11, 0, 12]","[11, 0, 10, 12]","[11, 0, 10, 12]","[0, 10, 10, 11]","[10, 10, 11, 0]","[0, 10, 11, 10]","[10, 10, 0, 10]","[10, 12, 11, 0]","[0, 11, 11, 11]","[0, 0, 0, 0]","[0, 12, 0, 11]","[11, 11, 15, 0]","[0, 0, 13, 15]","[11, 0, 0, 14]"
1952,1,173,159,88,137,0,"[13, 0, 14, 0]","[0, 14, 14, 10]","[11, 15, 0, 0]","[0, 15, 10, 10]","[11, 11, 0, 0]","[0, 0, 11, 0]","[11, 12, 11, 10]","[12, 10, 10, 0]","[0, 10, 10, 10]","[10, 10, 10, 0]","[0, 12, 10, 10]","[0, 10, 0, 0]","[11, 10, 11, 0]","[12, 10, 11, 0]","[10, 0, 0, 0]","[12, 10, 0, 12]","[14, 11, 11, 0]","[0, 13, 12, 14]","[10, 0, 14, 12]"
1953,0,121,136,66,157,1,"[13, 0, 0, 12]","[16, 11, 11, 0]","[10, 0, 13, 0]","[0, 11, 0, 0]","[10, 12, 11, 0]","[10, 12, 13, 0]","[0, 0, 0, 10]","[10, 0, 13, 0]","[0, 10, 10, 10]","[10, 0, 10, 10]","[10, 10, 10, 0]","[10, 0, 0, 0]","[11, 10, 10, 0]","[10, 12, 0, 13]","[0, 11, 0, 11]","[13, 0, 10, 0]","[0, 12, 13, 0]","[13, 0, 12, 0]","[11, 10, 0, 0]"
1954,2,143,159,96,139,2,"[12, 0, 15, 11]","[12, 12, 0, 0]","[12, 0, 0, 10]","[0, 11, 0, 11]","[12, 0, 11, 11]","[0, 0, 11, 0]","[0, 10, 10, 0]","[0, 11, 11, 10]","[10, 10, 0, 10]","[10, 10, 10, 0]","[10, 10, 11, 0]","[12, 11, 10, 0]","[0, 13, 10, 11]","[14, 10, 11, 0]","[11, 12, 11, 0]","[0, 12, 14, 11]","[12, 11, 0, 11]","[0, 0, 11, 0]","[12, 0, 13, 0]"
1955,0,101,130,100,144,3,"[12, 0, 0, 11]","[11, 11, 0, 13]","[12, 0, 11, 12]","[11, 0, 10, 0]","[10, 0, 0, 0]","[11, 12, 10, 0]","[10, 0, 0, 12]","[0, 0, 10, 0]","[0, 0, 0, 10]","[10, 11, 10, 0]","[10, 10, 11, 11]","[12, 0, 11, 10]","[0, 10, 10, 0]","[0, 12, 10, 0]","[13, 0, 0, 10]","[0, 11, 11, 0]","[11, 12, 0, 0]","[11, 12, 14, 0]","[0, 0, 12, 11]"
1956,1,162,129,144,132,0,"[13, 0, 0, 0]","[11, 14, 12, 0]","[0, 11, 13, 11]","[0, 11, 11, 13]","[0, 10, 13, 0]","[0, 11, 0, 13]","[11, 0, 0, 10]","[11, 11, 0, 10]","[0, 10, 0, 11]","[10, 0, 10, 10]","[12, 0, 10, 10]","[10, 10, 12, 11]","[0, 11, 12, 10]","[10, 13, 0, 0]","[11, 14, 0, 11]","[0, 12, 10, 11]","[12, 11, 13, 0]","[11, 0, 13, 13]","[10, 13, 0, 0]"
1957,3,129,127,135,120,1,"[0, 0, 0, 0]","[0, 12, 0, 0]","[0, 10, 14, 12]","[10, 11, 0, 12]","[12, 0, 10, 12]","[10, 10, 13, 0]","[11, 0, 10, 11]","[0, 10, 10, 0]","[10, 10, 10, 0]","[10, 10, 0, 10]","[11, 10, 0, 10]","[11, 11, 0, 11]","[0, 12, 11, 10]","[0, 11, 0, 13]","[0, 0, 10, 0]","[0, 0, 11, 0]","[14, 12, 0, 10]","[10, 0, 14, 12]","[11, 0, 14, 12]"
1958,1,139,122,105,112,2,"[0, 10, 13, 13]","[0, 13, 13, 12]","[13, 11, 11, 0]","[0, 13, 0, 0]","[10, 15, 0, 0]","[10, 11, 0, 12]","[10, 0, 11, 11]","[0, 10, 10, 12]","[11, 11, 10, 0]","[10, 10, 0, 10]","[0, 10, 0, 0]","[0, 0, 0, 0]","[11, 11, 10, 0]","[10, 0, 12, 12]","[12, 0, 11, 12]","[0, 0, 10, 11]","[15, 0, 0, 0]","[0, 14, 0, 0]","[0, 0, 11, 0]"
1959,1,145,128,129,141,3,"[0, 12, 0, 15]","[12, 14, 11, 0]","[10, 13, 0, 0]","[11, 0, 11, 11]","[11, 0, 0, 12]","[12, 12, 0, 10]","[0, 10, 11, 13]","[0, 0, 10, 10]","[10, 10, 0, 11]","[10, 10, 10, 0]","[11, 10, 11, 0]","[10, 10, 11, 0]","[11, 11, 0, 10]","[0, 10, 12, 12]","[0, 11, 0, 0]","[11, 0, 15, 10]","[11, 0, 0, 0]","[11, 12, 11, 15]","[0, 0, 15, 0]"
1960,1,168,111,113,111,0,"[0, 14, 13, 11]","[0, 11, 14, 0]","[10, 11, 0, 13]","[10, 0, 0, 0]","[11, 11, 0, 0]","[0, 10, 10, 0]","[11, 0, 11, 0]","[11, 10, 0, 11]","[10, 10, 0, 12]","[0, 11, 10, 10]","[0, 11, 10, 11]","[10, 0, 10, 10]","[0, 10, 0, 0]","[14, 10, 11, 0]","[0, 13, 11, 11]","[0, 11, 0, 12]","[13, 0, 11, 0]","[11, 11, 0, 0]","[0, 14, 0, 12]"
1961,3,133,108,178,168,1,"[15, 14, 0, 0]","[11, 0, 14, 11]","[11, 11, 13, 13]","[10, 0, 11, 0]","[0, 0, 0, 11]","[10, 13, 0, 12]","[0, 0, 0, 10]","[11, 10, 0, 12]","[11, 0, 10, 11]","[10, 10, 0, 10]","[11, 10, 11, 0]","[10, 10, 0, 13]","[11, 10, 12, 0]","[12, 10, 0, 11]","[0, 0, 13, 11]","[11, 0, 13, 13]","[0, 13, 11, 13]","[10, 10, 0, 15]","[14, 12, 0, 12]"
1962,0,110,103,102,216,2,"[11, 0, 11, 16]","[12, 0, 0, 0]","[11, 0, 11, 0]","[13, 0, 0, 0]","[13, 0, 11, 10]","[12, 10, 13, 0]","[11, 10, 0, 12]","[12, 0, 0, 10]","[11, 10, 10, 11]","[10, 10, 0, 10]","[11, 10, 10, 0]","[10, 11, 0, 0]","[10, 14, 0, 10]","[10, 12, 13, 0]","[10, 0, 14, 11]","[12, 0, 0, 0]","[12, 10, 0, 12]","[13, 13, 10, 0]","[12, 0, 0, 0]"
1963,0,119,116,116,187,3,"[11, 12, 16, 0]","[11, 11, 0, 0]","[10, 0, 12, 0]","[11, 0, 12, 12]","[10, 0, 11, 14]","[12, 0, 11, 10]","[11, 10, 0, 11]","[10, 0, 0, 10]","[11, 11, 0, 10]","[10, 11, 10, 0]","[11, 11, 0, 10]","[10, 10, 11, 0]","[12, 10, 10, 0]","[12, 11, 0, 10]","[0, 10, 0, 0]","[0, 0, 12, 0]","[10, 0, 11, 15]","[12, 0, 0, 0]","[13, 12, 0, 14]"
1964,1,144,131,130,78,0,"[13, 0, 0, 0]","[0, 0, 0, 0]","[0, 11, 13, 13]","[13, 0, 13, 10]","[0, 10, 10, 0]","[0, 0, 11, 11]","[0, 10, 12, 10]","[10, 0, 0, 10]","[0, 10, 0, 10]","[0, 10, 11, 10]","[10, 11, 0, 10]","[10, 11, 12, 0]","[0, 10, 0, 0]","[0, 11, 11, 12]","[10, 13, 13, 0]","[0, 11, 0, 10]","[0, 14, 11, 11]","[12, 12, 0, 13]","[0, 0, 14, 0]"
1965,1,179,134,97,146,1,"[0, 13, 11, 0]","[0, 14, 10, 0]","[12, 11, 14, 11]","[0, 11, 13, 0]","[13, 0, 11, 11]","[11, 11, 11, 0]","[0, 10, 10, 11]","[0, 10, 11, 11]","[10, 10, 0, 10]","[10, 10, 0, 10]","[11, 10, 0, 11]","[10, 10, 11, 0]","[11, 11, 10, 0]","[11, 11, 0, 10]","[11, 13, 0, 12]","[11, 0, 0, 0]","[0, 0, 0, 0]","[11, 12, 12, 0]","[14, 12, 10, 0]"
1966,0,99,122,100,171,2,"[15, 11, 0, 11]","[14, 0, 12, 11]","[12, 13, 10, 0]","[11, 0, 0, 0]","[0, 0, 0, 0]","[10, 0, 12, 11]","[10, 0, 11, 11]","[0, 11, 10, 11]","[10, 10, 10, 0]","[11, 10, 0, 10]","[10, 10, 0, 12]","[10, 0, 10, 0]","[10, 0, 10, 0]","[12, 0, 12, 11]","[11, 0, 0, 0]","[0, 12, 12, 0]","[13, 11, 0, 0]","[12, 0, 13, 12]","[0, 11, 0, 0]"
1967,2,99,135,99,132,3,"[11, 0, 10, 13]","[0, 0, 0, 11]","[11, 11, 12, 0]","[15, 11, 10, 0]","[11, 0, 0, 0]","[0, 11, 0, 11]","[10, 11, 0, 10]","[0, 0, 10, 0]","[11, 0, 0, 11]","[0, 10, 10, 10]","[0, 10, 11, 11]","[10, 0, 10, 11]","[10, 0, 11, 0]","[11, 12, 10, 0]","[0, 0, 11, 0]","[10, 0, 0, 0]","[12, 11, 0, 0]","[10, 0, 14, 0]","[0, 12, 16, 11]"
1968,2,100,137,122,133,0,"[12, 0, 12, 0]","[0, 0, 12, 0]","[0, 0, 12, 11]","[0, 0, 0, 0]","[11, 0, 0, 0]","[12, 11, 0, 12]","[0, 10, 0, 12]","[11, 0, 10, 10]","[11, 0, 10, 10]","[10, 0, 10, 10]","[10, 12, 0, 10]","[0, 11, 10, 10]","[11, 0, 11, 11]","[11, 11, 0, 13]","[11, 13, 11, 0]","[11, 0, 0, 0]","[12, 10, 14, 0]","[0, 12, 12, 0]","[0, 10, 13, 13]"
1969,1,144,130,137,134,1,"[14, 12, 0, 11]","[0, 0, 12, 0]","[10, 0, 0, 0]","[0, 11, 0, 0]","[0, 11, 11, 0]","[11, 11, 0, 11]","[10, 12, 12, 0]","[10, 11, 0, 11]","[10, 11, 10, 11]","[0, 10, 10, 10]","[0, 10, 10, 10]","[11, 10, 11, 0]","[0, 10, 11, 12]","[0, 13, 10, 12]","[10, 0, 10, 14]","[10, 12, 0, 12]","[15, 0, 0, 10]","[12, 0, 12, 0]","[11, 0, 11, 13]"
1970,0,122,134,103,135,2,"[11, 0, 0, 14]","[11, 11, 12, 0]","[12, 12, 12, 0]","[11, 0, 0, 0]","[0, 0, 12, 0]","[0, 0, 10, 0]","[10, 0, 0, 11]","[0, 11, 10, 10]","[10, 11, 11, 10]","[10, 10, 0, 11]","[10, 11, 11, 0]","[0, 10, 10, 0]","[10, 0, 11, 12]","[0, 11, 0, 12]","[0, 10, 0, 12]","[0, 14, 0, 11]","[13, 11, 11, 0]","[13, 0, 14, 0]","[14, 0, 10, 0]"
1971,2,121,156,86,115,3,"[12, 0, 0, 0]","[0, 0, 0, 0]","[0, 13, 11, 12]","[12, 11, 0, 11]","[0, 10, 14, 10]","[0, 11, 10, 11]","[0, 11, 10, 0]","[10, 13, 10, 0]","[10, 10, 11, 11]","[0, 10, 10, 10]","[0, 11, 10, 11]","[0, 0, 11, 0]","[11, 0, 0, 0]","[11, 0, 13, 10]","[0, 0, 13, 0]","[12, 0, 10, 0]","[10, 11, 0, 0]","[16, 10, 12, 0]","[11, 0, 11, 0]"
1972,0,121,77,116,138,0,"[0, 0, 11, 0]","[12, 13, 0, 0]","[11, 0, 0, 11]","[0, 0, 0, 10]","[11, 0, 0, 0]","[0, 10, 0, 11]","[12, 0, 0, 0]","[10, 0, 0, 10]","[0, 10, 10, 10]","[0, 11, 10, 10]","[11, 11, 0, 10]","[0, 0, 0, 10]","[10, 11, 11, 0]","[0, 10, 12, 11]","[12, 0, 11, 12]","[13, 12, 12, 0]","[12, 11, 0, 0]","[11, 11, 0, 0]","[13, 11, 0, 11]"
1973,2,124,180,83,145,1,"[14, 13, 13, 0]","[14, 12, 0, 0]","[0, 10, 0, 15]","[0, 0, 11, 0]","[11, 0, 11, 12]","[0, 0, 11, 0]","[11, 10, 11, 0]","[10, 11, 11, 0]","[10, 10, 11, 0]","[11, 0, 10, 10]","[10, 10, 10, 0]","[10, 12, 11, 10]","[0, 0, 10, 0]","[10, 12, 13, 0]","[10, 0, 11, 0]","[11, 0, 0, 0]","[0, 11, 10, 14]","[0, 13, 12, 11]","[13, 0, 14, 11]"
1974,1,149,86,117,139,2,"[14, 12, 0, 11]","[0, 0, 0, 11]","[12, 10, 0, 12]","[11, 12, 10, 0]","[13, 12, 11, 0]","[0, 0, 11, 0]","[10, 0, 12, 11]","[12, 10, 0, 10]","[11, 10, 11, 10]","[10, 11, 0, 10]","[0, 10, 10, 10]","[12, 0, 0, 0]","[0, 0, 0, 0]","[0, 13, 11, 10]","[10, 0, 10, 0]","[13, 12, 0, 11]","[0, 10, 0, 0]","[11, 15, 0, 11]","[0, 12, 0, 0]"
1975,0,154,104,82,172,3,"[13, 12, 14, 0]","[14, 11, 0, 0]","[11, 11, 13, 0]","[10, 14, 0, 0]","[12, 0, 11, 11]","[0, 10, 0, 15]","[12, 10, 0, 11]","[10, 0, 11, 11]","[10, 10, 10, 0]","[10, 0, 10, 11]","[10, 11, 11, 0]","[10, 10, 0, 0]","[12, 10, 0, 0]","[11, 11, 0, 13]","[0, 0, 0, 10]","[14, 11, 12, 0]","[13, 0, 0, 0]","[0, 11, 0, 0]","[0, 12, 12, 0]"
1976,0,91,118,112,120,0,"[0, 12, 14, 0]","[0, 12, 15, 0]","[0, 12, 11, 13]","[11, 0, 0, 0]","[10, 0, 0, 0]","[10, 0, 0, 11]","[10, 0, 11, 12]","[10, 12, 0, 11]","[0, 0, 11, 0]","[10, 0, 10, 11]","[10, 0, 0, 10]","[11, 10, 12, 0]","[0, 0, 12, 0]","[0, 11, 0, 10]","[14, 11, 0, 10]","[12, 0, 10, 0]","[12, 0, 12, 0]","[0, 11, 0, 13]","[0, 0, 0, 11]"
1977,2,57,157,95,115,1,"[0, 14, 0, 11]","[13, 0, 12, 13]","[12, 0, 15, 0]","[11, 0, 0, 0]","[11, 0, 11, 10]","[0, 0, 12, 0]","[0, 0, 0, 10]","[0, 10, 0, 0]","[0, 0, 0, 11]","[10, 0, 10, 10]","[0, 0, 10, 10]","[10, 11, 10, 0]","[11, 0, 10, 10]","[11, 0, 11, 10]","[0, 11, 10, 0]","[12, 0, 11, 0]","[0, 0, 13, 0]","[14, 11, 12, 0]","[0, 0, 10, 0]"
1978,0,142,130,112,160,2,"[11, 14, 0, 13]","[12, 14, 0, 11]","[0, 12, 12, 13]","[13, 0, 11, 12]","[10, 11, 14, 0]","[0, 11, 10, 11]","[0, 11, 10, 0]","[10, 0, 11, 0]","[10, 11, 0, 11]","[11, 10, 0, 10]","[11, 10, 10, 0]","[13, 0, 10, 10]","[10, 0, 10, 0]","[0, 0, 0, 11]","[13, 0, 11, 10]","[11, 12, 11, 0]","[12, 0, 10, 0]","[0, 12, 0, 0]","[13, 14, 0, 0]"
1979,2,125,143,101,131,3,"[12, 0, 0, 12]","[11, 0, 16, 11]","[0, 13, 12, 10]","[0, 0, 10, 12]","[11, 12, 12, 0]","[12, 12, 0, 10]","[0, 0, 10, 11]","[11, 10, 11, 0]","[10, 0, 10, 10]","[10, 11, 10, 0]","[0, 11, 10, 10]","[10, 11, 10, 0]","[10, 0, 0, 0]","[12, 10, 11, 0]","[0, 11, 0, 0]","[11, 13, 10, 0]","[11, 11, 0, 0]","[0, 0, 0, 15]","[0, 0, 11, 0]"
1980,2,145,190,96,144,0,"[14, 13, 10, 0]","[10, 11, 0, 13]","[12, 14, 12, 0]","[11, 12, 10, 0]","[12, 0, 10, 0]","[12, 12, 10, 0]","[0, 12, 10, 10]","[0, 11, 10, 0]","[10, 11, 11, 10]","[10, 0, 10, 10]","[11, 0, 10, 11]","[10, 11, 11, 0]","[0, 0, 13, 0]","[0, 12, 12, 10]","[11, 12, 11, 0]","[0, 0, 0, 10]","[11, 0, 15, 11]","[10, 0, 12, 0]","[0, 14, 13, 11]"
1981,0,126,89,114,138,1,"[0, 0, 0, 0]","[0, 10, 12, 0]","[12, 13, 0, 12]","[0, 0, 12, 0]","[12, 10, 0, 11]","[10, 10, 0, 12]","[0, 0, 0, 10]","[10, 10, 0, 13]","[10, 0, 10, 10]","[10, 0, 10, 11]","[10, 0, 11, 11]","[10, 10, 11, 0]","[10, 12, 11, 0]","[10, 0, 0, 0]","[10, 0, 0, 10]","[11, 13, 0, 0]","[0, 12, 0, 14]","[0, 12, 0, 0]","[13, 14, 12, 0]"
1982,1,158,69,92,121,2,"[0, 10, 0, 13]","[12, 14, 13, 0]","[12, 0, 0, 0]","[10, 15, 10, 0]","[0, 11, 12, 12]","[0, 0, 0, 12]","[0, 11, 0, 0]","[0, 10, 11, 0]","[10, 0, 0, 10]","[11, 10, 0, 10]","[11, 10, 10, 0]","[10, 10, 0, 0]","[11, 10, 0, 0]","[13, 0, 0, 10]","[11, 11, 0, 0]","[0, 0, 0, 0]","[0, 10, 0, 0]","[10, 13, 0, 13]","[0, 13, 13, 12]"
1983,2,101,131,75,124,3,"[0, 15, 12, 0]","[0, 0, 10, 0]","[0, 0, 11, 0]","[0, 15, 10, 12]","[0, 0, 13, 0]","[11, 0, 12, 11]","[11, 10, 0, 10]","[11, 0, 0, 0]","[10, 10, 10, 0]","[11, 10, 10, 0]","[10, 10, 0, 10]","[11, 10, 0, 10]","[10, 0, 0, 0]","[12, 0, 11, 10]","[14, 10, 11, 0]","[0, 0, 10, 0]","[0, 0, 11, 0]","[13, 0, 0, 12]","[0, 11, 0, 0]"
1984,2,113,154,105,110,0,"[0, 0, 11, 15]","[10, 0, 10, 0]","[0, 0, 12, 13]","[0, 0, 12, 0]","[0, 12, 10, 0]","[0, 11, 11, 12]","[10, 10, 0, 13]","[10, 0, 11, 10]","[0, 10, 10, 12]","[10, 0, 10, 10]","[11, 11, 0, 10]","[0, 0, 0, 0]","[10, 0, 12, 10]","[0, 0, 11, 0]","[0, 10, 0, 0]","[10, 15, 11, 0]","[11, 13, 12, 0]","[15, 11, 11, 0]","[13, 10, 0, 0]"
1985,1,169,116,103,142,1,"[0, 12, 0, 11]","[13, 0, 0, 0]","[0, 13, 10, 13]","[0, 0, 0, 0]","[14, 11, 11, 0]","[0, 10, 11, 0]","[11, 13, 0, 10]","[0, 10, 10, 0]","[10, 10, 10, 0]","[10, 10, 10, 0]","[10, 0, 11, 10]","[10, 10, 0, 13]","[0, 10, 11, 11]","[10, 0, 10, 0]","[10, 10, 0, 0]","[14, 11, 0, 12]","[15, 12, 11, 0]","[0, 15, 11, 11]","[15, 12, 0, 12]"
1986,1,142,117,117,124,2,"[12, 0, 0, 0]","[13, 10, 0, 0]","[10, 0, 0, 10]","[0, 11, 0, 14]","[0, 13, 11, 11]","[0, 12, 13, 10]","[0, 10, 12, 10]","[0, 11, 11, 10]","[11, 0, 11, 10]","[10, 10, 10, 0]","[10, 10, 0, 0]","[11, 0, 0, 10]","[12, 10, 0, 11]","[0, 0, 13, 0]","[12, 11, 11, 0]","[0, 12, 13, 11]","[0, 0, 12, 10]","[10, 11, 0, 0]","[13, 11, 0, 0]"
1987,0,128,102,85,133,3,"[12, 13, 12, 0]","[11, 0, 12, 0]","[0, 0, 0, 0]","[0, 11, 0, 0]","[10, 0, 12, 11]","[0, 13, 0, 0]","[0, 10, 0, 11]","[0, 13, 10, 10]","[10, 0, 0, 0]","[10, 0, 10, 11]","[10, 11, 0, 11]","[0, 11, 10, 11]","[11, 11, 11, 0]","[12, 0, 12, 10]","[13, 11, 0, 0]","[12, 0, 0, 10]","[10, 0, 0, 0]","[12, 12, 13, 0]","[0, 12, 0, 0]"
1988,0,110,101,75,142,0,"[0, 12, 16, 0]","[10, 0, 13, 0]","[12, 11, 0, 0]","[11, 0, 0, 0]","[12, 0, 0, 10]","[11, 0, 10, 0]","[11, 10, 10, 0]","[0, 10, 0, 11]","[11, 10, 10, 11]","[0, 11, 10, 10]","[0, 10, 0, 10]","[10, 0, 10, 0]","[11, 0, 10, 0]","[11, 0, 0, 0]","[11, 0, 0, 12]","[11, 11, 0, 0]","[0, 0, 0, 11]","[10, 14, 0, 0]","[0, 11, 12, 0]"
1989,3,100,110,134,123,1,"[0, 0, 0, 0]","[12, 0, 12, 0]","[12, 0, 11, 12]","[14, 0, 11, 12]","[11, 0, 0, 11]","[0, 0, 11, 0]","[10, 11, 0, 11]","[11, 10, 12, 10]","[0, 10, 0, 0]","[10, 0, 11, 10]","[10, 0, 12, 10]","[0, 12, 10, 10]","[0, 12, 0, 0]","[10, 13, 10, 12]","[0, 10, 0, 12]","[12, 0, 10, 12]","[0, 12, 0, 0]","[11, 0, 0, 12]","[0, 10, 0, 0]"
1990,3,122,131,135,126,2,"[0, 0, 0, 0]","[0, 0, 0, 11]","[14, 0, 10, 11]","[11, 12, 0, 14]","[0, 0, 12, 0]","[12, 0, 11, 10]","[0, 11, 0, 11]","[0, 11, 10, 10]","[11, 0, 10, 11]","[11, 10, 0, 10]","[11, 10, 11, 0]","[10, 11, 10, 0]","[11, 0, 10, 0]","[11, 10, 0, 12]","[12, 12, 0, 11]","[0, 0, 11, 12]","[0, 10, 13, 12]","[12, 13, 12, 0]","[0, 12, 11, 0]"
1991,1,141,131,138,135,3,"[0, 0, 12, 0]","[13, 0, 10, 11]","[11, 12, 0, 0]","[11, 0, 10, 14]","[11, 14, 11, 0]","[10, 0, 12, 11]","[0, 10, 11, 0]","[10, 11, 0, 11]","[0, 11, 11, 10]","[11, 10, 10, 0]","[0, 10, 11, 11]","[0, 11, 10, 12]","[11, 0, 0, 0]","[11, 0, 12, 0]","[0, 0, 0, 11]","[12, 14, 0, 10]","[13, 14, 0, 11]","[11, 12, 0, 11]","[0, 12, 11, 15]"
1992,1,129,99,99,124,0,"[0, 0, 0, 0]","[14, 0, 11, 0]","[0, 14, 0, 0]","[11, 0, 0, 0]","[11, 0, 0, 14]","[10, 12, 11, 0]","[0, 10, 0, 10]","[11, 11, 0, 10]","[11, 11, 0, 10]","[11, 0, 10, 10]","[11, 11, 0, 10]","[0, 11, 0, 0]","[0, 12, 10, 11]","[0, 0, 11, 0]","[10, 0, 14, 12]","[11, 14, 10, 12]","[0, 0, 0, 0]","[0, 13, 10, 0]","[13, 10, 12, 0]"
1993,2,147,171,107,125,1,"[15, 14, 10, 0]","[0, 0, 11, 0]","[0, 0, 11, 0]","[0, 10, 12, 15]","[10, 13, 10, 0]","[10, 0, 11, 0]","[0, 11, 10, 0]","[10, 10, 0, 13]","[0, 10, 10, 11]","[10, 0, 10, 11]","[11, 11, 0, 10]","[11, 11, 10, 0]","[0, 11, 10, 0]","[0, 12, 10, 12]","[12, 0, 11, 10]","[11, 11, 13, 0]","[0, 12, 10, 13]","[14, 11, 0, 12]","[11, 0, 12, 0]"
1994,0,153,124,168,174,2,"[12, 14, 13, 0]","[10, 13, 0, 13]","[0, 13, 11, 0]","[13, 0, 0, 12]","[12, 13, 10, 0]","[11, 10, 0, 12]","[10, 0, 11, 11]","[10, 11, 0, 10]","[10, 0, 11, 11]","[11, 10, 0, 10]","[0, 10, 11, 10]","[0, 11, 10, 11]","[12, 0, 12, 10]","[12, 0, 11, 11]","[11, 0, 0, 14]","[14, 11, 12, 0]","[13, 12, 0, 12]","[13, 13, 0, 11]","[0, 12, 12, 10]"
1995,1,166,115,124,143,3,"[11, 0, 0, 0]","[10, 12, 0, 12]","[14, 11, 0, 12]","[10, 11, 0, 12]","[11, 0, 11, 0]","[0, 0, 0, 0]","[0, 10, 0, 0]","[10, 10, 12, 11]","[10, 11, 0, 11]","[0, 10, 10, 10]","[10, 0, 10, 0]","[10, 12, 11, 0]","[12, 10, 11, 0]","[12, 10, 11, 0]","[12, 12, 0, 10]","[0, 12, 0, 12]","[11, 11, 14, 12]","[0, 12, 12, 12]","[0, 12, 13, 10]"
1996,1,152,112,134,136,0,"[13, 0, 0, 0]","[12, 0, 12, 14]","[10, 17, 11, 0]","[0, 10, 0, 11]","[13, 0, 11, 11]","[0, 0, 12, 11]","[0, 0, 0, 10]","[10, 10, 0, 0]","[10, 10, 0, 10]","[0, 10, 10, 11]","[10, 10, 10, 0]","[0, 10, 13, 10]","[11, 0, 0, 0]","[0, 12, 10, 0]","[13, 12, 0, 11]","[10, 12, 10, 0]","[0, 14, 13, 10]","[10, 14, 0, 12]","[14, 11, 0, 13]"
1997,1,135,130,75,122,1,"[0, 12, 0, 0]","[0, 0, 10, 0]","[0, 10, 0, 0]","[12, 0, 11, 11]","[10, 0, 13, 0]","[0, 13, 11, 11]","[12, 0, 10, 10]","[10, 11, 0, 0]","[0, 11, 10, 10]","[10, 10, 10, 0]","[10, 11, 11, 10]","[11, 10, 12, 0]","[11, 10, 0, 12]","[0, 0, 10, 0]","[12, 12, 0, 11]","[12, 14, 10, 0]","[0, 0, 0, 0]","[0, 11, 12, 0]","[12, 0, 0, 0]"
1998,3,100,97,146,97,2,"[0, 0, 11, 14]","[0, 0, 0, 10]","[0, 11, 0, 0]","[0, 11, 0, 11]","[0, 11, 12, 0]","[11, 11, 0, 12]","[11, 0, 10, 11]","[0, 11, 0, 10]","[0, 11, 10, 11]","[10, 0, 10, 10]","[10, 11, 11, 0]","[10, 0, 10, 11]","[0, 0, 0, 0]","[0, 11, 10, 12]","[0, 0, 0, 12]","[11, 12, 0, 12]","[12, 0, 13, 0]","[11, 0, 0, 0]","[11, 0, 0, 10]"
1999,3,143,79,163,110,3,"[11, 11, 0, 14]","[0, 0, 0, 10]","[0, 0, 11, 0]","[13, 11, 12, 0]","[11, 11, 0, 13]","[11, 11, 0, 11]","[0, 0, 10, 0]","[10, 0, 0, 0]","[10, 11, 0, 10]","[10, 10, 0, 10]","[0, 10, 10, 10]","[0, 10, 0, 10]","[10, 11, 0, 10]","[12, 0, 11, 11]","[12, 10, 0, 11]","[0, 0, 0, 10]","[0, 12, 12, 10]","[0, 11, 13, 10]","[0, 14, 0, 13]"
2000,3,120,98,161,158,0,"[12, 0, 0, 13]","[10, 0, 12, 13]","[12, 0, 11, 13]","[11, 0, 0, 0]","[11, 11, 0, 10]","[0, 11, 10, 12]","[0, 10, 10, 11]","[10, 11, 0, 10]","[0, 11, 0, 0]","[10, 0, 10, 11]","[10, 11, 0, 11]","[0, 10, 0, 10]","[11, 10, 11, 0]","[0, 10, 0, 11]","[11, 0, 0, 11]","[12, 11, 11, 0]","[11, 14, 0, 0]","[13, 0, 11, 13]","[14, 0, 12, 12]"
2001,2,111,148,82,146,1,"[0, 13, 0, 0]","[0, 10, 0, 13]","[10, 0, 13, 0]","[13, 11, 13, 0]","[0, 12, 12, 0]","[0, 0, 11, 0]","[10, 0, 0, 0]","[11, 0, 10, 10]","[0, 11, 10, 11]","[11, 0, 10, 10]","[11, 10, 0, 11]","[11, 10, 12, 0]","[10, 0, 11, 0]","[10, 11, 14, 0]","[0, 11, 11, 0]","[10, 0, 0, 0]","[11, 0, 11, 16]","[14, 12, 0, 11]","[14, 0, 10, 0]"
2002,1,133,99,97,130,2,"[0, 0, 0, 0]","[0, 10, 0, 12]","[10, 0, 12, 0]","[11, 11, 11, 0]","[11, 10, 0, 12]","[0, 13, 10, 0]","[11, 10, 12, 0]","[0, 0, 10, 10]","[11, 10, 0, 10]","[10, 10, 0, 10]","[0, 10, 11, 10]","[0, 0, 10, 0]","[10, 12, 12, 0]","[0, 0, 0, 10]","[11, 10, 0, 13]","[12, 0, 0, 0]","[11, 13, 11, 0]","[11, 0, 0, 0]","[11, 14, 0, 10]"
2003,1,125,76,54,118,3,"[13, 0, 0, 0]","[0, 11, 0, 0]","[0, 10, 0, 0]","[11, 0, 0, 12]","[0, 12, 0, 0]","[0, 11, 0, 0]","[0, 0, 10, 0]","[12, 0, 0, 0]","[10, 10, 11, 0]","[10, 0, 10, 11]","[10, 0, 11, 10]","[0, 0, 10, 0]","[0, 10, 0, 0]","[10, 12, 0, 11]","[11, 0, 0, 0]","[10, 10, 11, 0]","[10, 14, 13, 0]","[11, 13, 0, 10]","[0, 12, 0, 0]"
2004,0,119,97,107,136,0,"[13, 0, 0, 0]","[0, 11, 0, 11]","[14, 0, 11, 11]","[11, 0, 12, 0]","[10, 0, 11, 11]","[0, 11, 10, 11]","[13, 10, 11, 0]","[11, 12, 0, 10]","[0, 10, 11, 11]","[11, 10, 10, 0]","[11, 11, 10, 10]","[10, 12, 0, 10]","[0, 10, 0, 0]","[11, 11, 11, 0]","[0, 0, 0, 11]","[11, 0, 0, 11]","[0, 11, 0, 0]","[0, 0, 0, 0]","[10, 0, 0, 0]"
2005,0,91,104,144,154,1,"[13, 0, 13, 13]","[12, 14, 0, 11]","[12, 0, 11, 11]","[12, 11, 13, 0]","[0, 0, 0, 11]","[0, 11, 0, 0]","[0, 0, 0, 10]","[10, 0, 0, 10]","[10, 0, 10, 10]","[10, 0, 10, 11]","[10, 11, 0, 11]","[11, 11, 0, 10]","[11, 12, 10, 0]","[0, 0, 0, 11]","[10, 10, 14, 12]","[0, 0, 11, 0]","[11, 0, 0, 0]","[10, 0, 12, 0]","[12, 11, 0, 13]"
2006,0,148,128,109,181,2,"[16, 10, 12, 0]","[14, 10, 0, 12]","[13, 11, 0, 11]","[14, 0, 13, 10]","[11, 0, 0, 12]","[11, 12, 11, 0]","[12, 0, 11, 11]","[0, 11, 0, 0]","[10, 10, 0, 10]","[10, 10, 10, 0]","[11, 0, 10, 10]","[11, 10, 0, 11]","[14, 0, 10, 10]","[0, 14, 0, 0]","[0, 0, 10, 0]","[0, 11, 0, 0]","[11, 12, 14, 0]","[12, 12, 13, 12]","[11, 15, 14, 0]"
2007,1,171,145,142,124,3,"[0, 13, 11, 11]","[11, 15, 0, 10]","[0, 11, 13, 13]","[13, 11, 0, 12]","[0, 0, 0, 14]","[0, 0, 12, 0]","[11, 10, 0, 12]","[0, 10, 10, 0]","[11, 10, 0, 11]","[0, 10, 10, 10]","[10, 10, 11, 0]","[11, 11, 10, 0]","[10, 10, 11, 0]","[12, 10, 0, 11]","[11, 14, 10, 0]","[0, 13, 11, 12]","[11, 0, 12, 0]","[13, 0, 12, 13]","[0, 13, 12, 13]"
2008,0,94,117,123,142,0,"[12, 0, 14, 0]","[15, 0, 11, 11]","[0, 0, 0, 0]","[12, 10, 0, 0]","[10, 11, 0, 0]","[0, 11, 10, 12]","[0, 0, 10, 0]","[13, 10, 0, 10]","[11, 10, 10, 11]","[0, 10, 10, 11]","[10, 0, 10, 10]","[11, 10, 0, 0]","[0, 10, 10, 11]","[11, 0, 10, 0]","[12, 0, 0, 11]","[0, 0, 11, 0]","[13, 0, 11, 11]","[12, 12, 0, 13]","[0, 0, 0, 12]"
2009,2,102,152,132,142,1,"[0, 13, 11, 0]","[11, 0, 12, 13]","[10, 0, 11, 12]","[10, 0, 0, 10]","[13, 12, 11, 0]","[0, 10, 10, 11]","[10, 13, 0, 10]","[11, 10, 11, 0]","[11, 0, 11, 10]","[10, 0, 10, 10]","[11, 11, 0, 10]","[10, 11, 0, 11]","[0, 0, 0, 11]","[12, 0, 11, 0]","[0, 10, 14, 11]","[12, 12, 11, 0]","[0, 0, 0, 0]","[11, 0, 13, 0]","[0, 0, 16, 13]"
2010,2,115,136,116,121,2,"[11, 0, 11, 15]","[0, 0, 0, 11]","[11, 15, 11, 0]","[12, 0, 11, 11]","[11, 0, 11, 11]","[0, 11, 10, 0]","[13, 10, 0, 0]","[0, 10, 0, 11]","[0, 0, 10, 10]","[10, 10, 0, 11]","[10, 0, 11, 11]","[0, 0, 10, 0]","[10, 10, 0, 12]","[0, 0, 13, 0]","[11, 12, 12, 0]","[0, 11, 0, 0]","[10, 12, 14, 0]","[0, 0, 0, 13]","[12, 14, 12, 0]"
2011,1,146,122,103,111,3,"[0, 15, 11, 0]","[0, 0, 10, 0]","[0, 12, 0, 0]","[10, 0, 0, 12]","[0, 11, 14, 11]","[10, 11, 0, 0]","[0, 10, 12, 12]","[10, 10, 0, 11]","[11, 11, 10, 0]","[10, 11, 10, 0]","[10, 11, 11, 0]","[0, 12, 11, 10]","[12, 10, 0, 10]","[0, 11, 0, 12]","[13, 11, 12, 0]","[0, 0, 10, 0]","[13, 0, 11, 0]","[0, 0, 0, 14]","[12, 0, 0, 11]"
2012,0,131,136,134,146,0,"[0, 13, 13, 13]","[14, 0, 11, 11]","[0, 0, 14, 10]","[12, 11, 0, 11]","[10, 0, 12, 11]","[0, 12, 10, 0]","[0, 10, 0, 0]","[11, 0, 10, 10]","[10, 10, 0, 10]","[10, 0, 10, 10]","[10, 11, 0, 11]","[0, 10, 0, 0]","[11, 10, 13, 0]","[0, 0, 10, 0]","[12, 10, 10, 0]","[10, 11, 13, 0]","[11, 0, 10, 12]","[12, 12, 0, 14]","[13, 11, 0, 11]"
2013,1,126,113,89,113,1,"[10, 13, 13, 0]","[12, 10, 13, 0]","[0, 0, 0, 11]","[13, 0, 0, 0]","[13, 0, 11, 10]","[0, 10, 0, 0]","[0, 0, 10, 0]","[0, 10, 10, 0]","[0, 10, 0, 0]","[10, 0, 11, 10]","[10, 10, 0, 11]","[10, 10, 0, 12]","[0, 0, 10, 11]","[13, 11, 10, 0]","[0, 10, 0, 11]","[0, 10, 12, 0]","[11, 12, 0, 13]","[0, 10, 0, 0]","[11, 0, 13, 0]"
2014,2,143,146,125,109,2,"[10, 11, 0, 0]","[0, 12, 12, 12]","[11, 0, 13, 0]","[0, 0, 12, 0]","[12, 11, 0, 12]","[0, 13, 10, 12]","[11, 10, 0, 12]","[0, 10, 10, 12]","[0, 0, 10, 10]","[10, 10, 0, 10]","[11, 11, 0, 10]","[0, 11, 11, 11]","[11, 10, 11, 0]","[0, 11, 10, 12]","[0, 11, 11, 12]","[11, 0, 13, 0]","[0, 0, 12, 0]","[10, 12, 11, 0]","[12, 0, 0, 0]"
2015,3,115,110,137,123,3,"[12, 0, 12, 12]","[12, 13, 10, 0]","[13, 12, 0, 12]","[10, 0, 0, 12]","[11, 0, 13, 11]","[0, 0, 12, 0]","[0, 0, 0, 10]","[0, 0, 0, 11]","[10, 11, 0, 11]","[0, 10, 10, 10]","[10, 0, 10, 0]","[0, 11, 10, 10]","[0, 12, 10, 0]","[12, 0, 10, 0]","[0, 11, 0, 11]","[12, 12, 0, 12]","[0, 11, 0, 0]","[11, 12, 0, 15]","[10, 0, 13, 0]"
2016,2,88,144,125,121,0,"[0, 0, 11, 0]","[16, 11, 0, 10]","[11, 0, 0, 10]","[14, 0, 10, 11]","[12, 0, 12, 11]","[11, 13, 0, 10]","[12, 0, 0, 0]","[0, 0, 10, 10]","[10, 0, 10, 10]","[0, 10, 10, 10]","[0, 10, 10, 11]","[0, 11, 12, 10]","[11, 10, 12, 0]","[13, 12, 10, 0]","[0, 0, 11, 0]","[0, 11, 0, 0]","[11, 0, 14, 11]","[0, 0, 0, 11]","[0, 0, 12, 0]"
2017,1,146,100,113,146,1,"[0, 11, 0, 12]","[12, 0, 0, 14]","[12, 14, 11, 0]","[0, 11, 14, 0]","[0, 11, 11, 0]","[10, 11, 11, 0]","[11, 10, 0, 11]","[10, 11, 0, 11]","[10, 10, 0, 10]","[11, 0, 10, 10]","[0, 10, 10, 0]","[11, 10, 0, 12]","[10, 0, 10, 0]","[0, 0, 0, 10]","[11, 11, 0, 0]","[0, 11, 11, 12]","[13, 0, 0, 0]","[11, 0, 12, 0]","[14, 15, 0, 11]"
2018,2,130,138,105,106,2,"[12, 0, 10, 14]","[0, 11, 11, 0]","[0, 12, 0, 0]","[11, 13, 11, 0]","[0, 10, 11, 11]","[0, 0, 0, 10]","[11, 0, 0, 10]","[13, 10, 10, 0]","[0, 10, 10, 10]","[0, 10, 11, 0]","[0, 10, 10, 12]","[11, 10, 10, 0]","[0, 0, 0, 11]","[0, 10, 10, 0]","[11, 0, 0, 0]","[11, 0, 0, 0]","[12, 14, 12, 0]","[14, 0, 12, 12]","[0, 10, 10, 15]"
2019,0,158,122,143,168,3,"[14, 14, 12, 0]","[12, 13, 0, 11]","[13, 11, 0, 0]","[0, 13, 0, 11]","[13, 10, 0, 11]","[11, 12, 12, 0]","[0, 10, 11, 11]","[0, 10, 0, 10]","[11, 10, 0, 10]","[11, 10, 10, 0]","[12, 10, 10, 0]","[11, 0, 11, 10]","[0, 0, 11, 10]","[11, 0, 11, 10]","[13, 11, 11, 0]","[12, 0, 11, 14]","[12, 12, 0, 11]","[12, 0, 0, 10]","[0, 12, 12, 14]"
2020,0,121,100,128,146,0,"[13, 0, 11, 0]","[12, 0, 11, 12]","[15, 10, 0, 0]","[0, 0, 12, 0]","[13, 10, 0, 10]","[13, 0, 11, 10]","[0, 0, 0, 10]","[11, 12, 0, 10]","[10, 0, 11, 10]","[0, 11, 10, 10]","[11, 0, 10, 11]","[11, 10, 0, 0]","[0, 0, 0, 10]","[0, 10, 0, 11]","[0, 12, 11, 12]","[0, 11, 0, 0]","[12, 12, 0, 12]","[10, 13, 13, 0]","[15, 10, 0, 0]"
2021,2,101,142,85,124,1,"[12, 0, 0, 10]","[13, 0, 11, 0]","[0, 0, 12, 0]","[0, 12, 12, 0]","[11, 0, 0, 0]","[13, 0, 11, 11]","[10, 0, 10, 0]","[10, 0, 10, 10]","[0, 10, 10, 11]","[0, 10, 10, 10]","[10, 11, 0, 11]","[12, 10, 11, 0]","[10, 0, 11, 10]","[0, 12, 11, 0]","[12, 14, 10, 0]","[0, 12, 0, 0]","[11, 0, 0, 0]","[0, 0, 13, 12]","[0, 10, 0, 0]"
2022,2,124,143,120,125,2,"[14, 12, 14, 0]","[0, 0, 10, 0]","[11, 0, 13, 10]","[0, 0, 11, 13]","[10, 11, 12, 0]","[12, 12, 0, 11]","[11, 0, 0, 0]","[0, 10, 0, 10]","[11, 0, 11, 10]","[10, 10, 0, 10]","[0, 10, 11, 11]","[0, 0, 10, 0]","[12, 0, 12, 10]","[0, 11, 0, 0]","[0, 10, 0, 14]","[0, 11, 13, 11]","[12, 0, 13, 10]","[12, 13, 13, 0]","[10, 14, 0, 0]"
2023,2,114,138,121,91,3,"[10, 13, 17, 0]","[0, 0, 12, 12]","[16, 0, 0, 11]","[0, 12, 12, 10]","[0, 14, 11, 10]","[0, 0, 0, 11]","[0, 11, 0, 0]","[10, 0, 0, 10]","[10, 0, 0, 0]","[11, 10, 10, 0]","[12, 10, 10, 0]","[12, 0, 10, 11]","[0, 0, 0, 10]","[10, 11, 11, 0]","[0, 12, 11, 13]","[0, 11, 12, 10]","[0, 0, 0, 0]","[0, 10, 11, 0]","[0, 0, 11, 13]"
2024,1,178,119,121,100,0,"[12, 14, 11, 0]","[0, 14, 10, 0]","[0, 11, 12, 12]","[0, 0, 0, 0]","[13, 11, 0, 11]","[10, 11, 0, 11]","[0, 12, 10, 11]","[12, 0, 10, 10]","[0, 11, 0, 10]","[11, 0, 10, 10]","[10, 0, 11, 11]","[0, 12, 11, 10]","[10, 11, 11, 0]","[0, 10, 0, 0]","[0, 11, 0, 0]","[0, 10, 12, 0]","[0, 13, 11, 0]","[10, 14, 0, 11]","[12, 13, 0, 14]"
2025,0,138,117,85,147,1,"[13, 0, 0, 0]","[16, 11, 12, 0]","[0, 12, 0, 0]","[0, 0, 12, 0]","[11, 0, 11, 13]","[10, 10, 13, 0]","[0, 11, 10, 10]","[10, 10, 0, 10]","[10, 0, 0, 0]","[10, 0, 10, 10]","[10, 10, 0, 10]","[0, 10, 0, 10]","[10, 10, 13, 0]","[0, 10, 10, 0]","[12, 10, 0, 11]","[10, 13, 0, 11]","[13, 0, 11, 0]","[0, 11, 0, 0]","[12, 10, 15, 0]"
